time,shipX,shipY,cameraX,cameraY,deltaCameraX,deltaCameraY
0,350,700,480,677,0,0
0.08060000002384186,350,700,480,677,0,0
0.09110000002384186,350,700,480,677,0,0
0.10739999997615814,350,700,480,677,0,0
0.12389999997615814,350,700,480,677,0,0
0.1407000000476837,350,700,480,677,0,0
0.15760000002384186,350,700,480,677,0,0
0.17410000002384185,350,700,480,677,0,0
0.19080000007152556,350,700,480,677,0,0
0.20739999997615816,350,700,480,677,0,0
0.224,350,700,480,677,0,0
0.2405,350,700,480,677,0,0
0.25710000002384187,350,700,480,677,0,0
0.2747000000476837,350,700,480,677,0,0
0.29060000002384184,350,700,480,677,0,0
0.3073000000715256,350,700,480,677,0,0
0.32420000004768373,350,700,480,677,0,0
0.341,350,700,480,677,0,0
0.3572000000476837,350,700,480,677,0,0
0.37489999997615814,350,700,480,677,0,0
0.3911000000238419,350,700,480,677,0,0
0.40730000007152556,350,700,480,677,0,0
0.4243000000715256,350,700,480,677,0,0
0.4415,350,700,480,677,0,0
0.45730000007152555,350,700,480,677,0,0
0.47460000002384184,350,700,480,677,0,0
0.4913000000715256,350,700,480,677,0,0
0.5077000000476837,350,700,480,677,0,0
0.5243000000715256,350,700,480,677,0,0
0.5407000000476837,350,700,480,677,0,0
0.5572000000476837,350,700,480,677,0,0
0.5742000000476837,350,700,480,677,0,0
0.5913000000715256,350,700,480,677,0,0
0.6073999999761581,350,700,480,677,0,0
0.624,350,700,480,677,0,0
0.6406000000238419,350,700,480,677,0,0
0.657,350,700,480,677,0,0
0.6743000000715256,350,700,480,677,0,0
0.6905,350,699.845693866068,480,677,0,0
0.7076000000238418,350,699.5122300611962,480,677,0,0
0.7237000000476838,350,699.0582245233604,480,677,0,0
0.7408000000715256,350,698.4227721495281,480,677,0,0
0.757,350,697.6833956890083,480,677,0,0
0.7737000000476837,350,696.791392391613,480,677,0,0
0.7903000000715256,350,695.777304886285,480,677,0,0
0.8076000000238419,350,694.5880131366937,480,677,0,0
0.8237000000476837,350,693.3792199416393,480,677,0,0
0.8403000000715256,350,692.0038823601888,480,677,0,0
0.8571000000238419,350,690.5290818066115,480,677,0,0
0.8737000000476837,350,688.9409066683457,480,677,0,0
0.8903999999761582,350,687.2525569925513,480,677,0,0
0.9075,350,685.4344621092011,480,677,0,0
0.9237000000476837,350,683.6034567239591,480,677,0,0
0.9403000000715256,350,681.6392294756143,480,677,0,0
0.9571000000238419,350,679.5903595754413,480,677,0,0
0.9737000000476838,350,677.460342975087,480,677,0,0
0.9903000000715255,350,675.2661842408082,480,677,0,0
1.0075,350,672.9701245872038,480,677,0,0
1.024,350,670.6307213952704,480,677,0,0
1.0405,350,668.2086605262706,480,677,0,0
1.057399999976158,350,665.7208666705535,480,677,0,0
1.073899999976158,350,663.1856755383048,480,677,0,0
1.0913000000715256,350,660.5108842059118,480,677,0,0
1.1077000000476838,350,657.8733890586677,480,677,0,0
1.123899999976158,350,655.1982595911311,480,677,0,0
1.1408999999761582,350,652.3870853490176,480,677,0,0
1.1578999999761581,350,649.5064765439727,480,677,0,0
1.174600000023842,350,646.6278086116773,480,677,0,0
1.1912000000476837,350,643.7378051188789,480,677,0,0
1.2073000000715255,350,640.8579142291308,480,677,0,0
1.2243999999761581,350,637.8094458015279,480,677,0,0
1.2405,350,634.79271283221,480,677,0,0
1.2578000000715255,350,631.6060635944892,480,677,0,0
1.2738999999761582,350,628.5877678369679,480,677,0,0
1.2908999999761581,350,625.3438790808624,480,677,0,0
1.3078999999761582,350,622.1603092003487,480,677,0,0
1.3243999999761582,350,618.9436255282272,480,677,0,0
1.3403000000715255,350,615.754386116976,480,677,0,0
1.3575,350,612.3963318498738,480,677,0,0
1.374100000023842,350,609.128254829567,480,677,0,0
1.3908999999761582,350,605.7518320676083,480,676.824851766414,0,-0.1751482335860146
1.4078999999761581,350,602.2867571506822,480,676.1775277510586,0,-0.6473240153553661
1.4238999999761581,350,599.000015473618,480,675.2093445045376,0,-0.9681832465209936
1.4408000000715255,350,595.5037527943035,480,673.8324095086217,0,-1.3769349959159172
1.4577000000476836,350,592.0452747712482,480,672.1875125311282,0,-1.644896977493545
1.475,350,588.4590566905389,480,670.218666322583,0,-1.9688462085451874
1.491100000023842,350,585.0605662787247,480,668.1621752570492,0,-2.0564910655338053
1.5075,350,581.5573189436235,480,665.8578289524091,0,-2.3043463046400348
1.5238999999761582,350,578.0980439447369,480,663.4345596467055,0,-2.423269305703684
1.5407000000476838,350,574.5344914689139,480,660.7970514046474,0,-2.637508242058061
1.557100000023842,350,570.9738898714884,480,658.0460833647563,0,-2.750968039891063
1.5743999999761582,350,567.2874524507877,480,655.0850255961661,0,-2.9610577685901944
1.5913000000715256,350,563.670174773636,480,652.0965789400193,0,-2.9884466561468344
1.6073000000715256,350,560.1456877441126,480,649.1185136485731,0,-2.978065291446228
1.6246000000238419,350,556.4090238970099,480,645.8791809908333,0,-3.2393326577397374
1.6406000000238419,350,552.8107453992177,480,642.7136415929216,0,-3.1655393979117434
1.6568999999761582,350,549.1984808966174,480,639.4868008591081,0,-3.2268407338134466
1.674399999976158,350,545.4619540498219,480,636.0969523025958,0,-3.3898485565123337
1.6911000000238419,350,541.6896386094694,480,632.6342799191154,0,-3.462672383480367
1.7078000000715257,350,537.9488599419626,480,629.1703167839277,0,-3.4639631351877824
1.7241000000238418,350,534.330106510288,480,625.8002591681371,0,-3.370057615790529
1.7407000000476838,350,530.5879696158064,480,622.2818791882404,0,-3.5183799798967357
1.757,350,526.8796611525866,480,618.7763732814667,0,-3.505505906773692
1.7743999999761582,350,523.0930711970105,480,615.1723830843061,0,-3.603990197160556
1.7905,350,519.3639951080572,480,611.6108257286428,0,-3.5615573556633535
1.8078000000715255,350,515.511744695807,480,607.9081418420474,0,-3.7026838865954232
1.8246000000238418,350,511.69525326469363,480,604.2298378155095,0,-3.6783040265378304
1.8408999999761582,350,507.9152048679606,480,600.5780129489725,0,-3.6518248665370265
1.8573000000715256,350,504.17224074152654,480,596.9545113932219,0,-3.623501555750636
1.8743000000715255,350,500.3066575337793,480,593.1945628009726,0,-3.759948592249316
1.891,350,496.4329253717048,480,589.4185596185321,0,-3.7760031824404905
1.9076000000238418,350,492.66634112611183,480,585.7475173719534,0,-3.6710422465786223
1.924,350,488.8695669891498,480,582.0383604118549,0,-3.7091569600985395
1.9405,350,485.0658647634051,480,578.3161562057751,0,-3.722204206079823
1.9573000000715255,350,481.18618176456243,480,574.5091627898265,0,-3.8069934159485683
1.9743000000715256,350,477.2536616796266,480,570.6424172651526,0,-3.866745524673888
1.9905,350,473.4770660664742,480,566.935786711349,0,-3.7066305538036204
2.008,350,469.5321776135446,480,563.0480290652716,0,-3.8877576460773753
2.024399999976158,350,465.6511931117868,480,559.2247952042142,0,-3.8232338610574743
2.0413000000715256,350,461.76473279114106,480,555.3927380782502,0,-3.8320571259639564
2.0576000000238417,350,457.8730228165215,480,551.5523563854906,0,-3.8403816927595926
2.0738999999761583,350,454.09299288489495,480,547.8269596971967,0,-3.7253966882939267
2.0905,350,450.1914685306464,480,543.9704214540835,0,-3.856538243113164
2.1073000000715254,350,446.30871297173195,480,540.1316555823308,0,-3.8387658717526847
2.123899999976158,350,442.3981307181958,480,536.2614367173836,0,-3.870218864947219
2.140899999976158,350,438.41295810030823,480,532.3105653088497,0,-3.950871408533885
2.157600000023842,350,434.5644440492704,480,528.5031359043886,0,-3.807429404461118
2.1743000000715256,350,430.6651130104547,480,524.6399019219149,0,-3.86323398247373
2.1907000000476837,350,426.7150309992013,480,520.721365250443,0,-3.918536671471884
2.2073000000715255,350,422.80840235629626,480,516.8477314361791,0,-3.8736338142639397
2.2237000000476836,350,418.8983489394043,480,512.9690434753962,0,-3.878687960782827
2.2403000000715254,350,414.98501137081007,480,509.0855469999107,0,-3.883496475485515
2.257700000047684,350,411.0449336006542,480,505.1724738693172,0,-3.9130731305935456
2.2743000000715257,350,407.05460496157576,480,501.20510966151426,0,-3.967364207802916
2.290600000023842,350,403.1558393149259,480,497.3343105548123,0,-3.870799106701952
2.307399999976158,350,399.20702635242975,480,493.4091424965476,0,-3.925168058264717
2.324600000023842,350,395.1609168235891,480,489.37975209867136,0,-4.029390397876227
2.3405,350,391.3252460710081,480,485.57361275225446,0,-3.8061393464168987
2.3578000000715256,350,387.2976790450996,480,481.5620981711778,0,-4.0115145810766535
2.373899999976158,350,383.40992633316074,480,477.6989489456441,0,-3.863149225533732
2.3908000000715255,350,379.4013749407742,480,473.7062287774502,0,-3.992720168193898
2.4083000000715256,350,375.24831661010074,480,469.559251138374,0,-4.1469776390761695
2.4247000000476837,350,371.4254506398913,480,465.76424901915686,0,-3.795002119217145
2.441100000023842,350,367.50562038378695,480,461.86455847010427,0,-3.8996905490525933
2.4573000000715255,350,363.6314032887291,480,458.01222927103794,0,-3.8523291990663324
2.474200000047684,350,359.6602847950989,480,454.05570982728636,0,-3.9565194437515743
2.490899999976158,350,355.66363458372257,480,450.07161305817294,0,-3.984096769113421
2.5078000000715255,350,351.66530461685954,480,446.0855190262077,0,-3.9860940319652514
2.524100000023842,350,347.7605566328429,480,442.1986588165299,0,-3.8868602096777636
2.540600000023842,350,343.7828361707728,480,438.233225161581,0,-3.9654336549489244
2.5578000000715257,350,339.77982037667437,480,434.2405223703497,0,-3.992702791231295
2.5738999999761583,350,335.8706837369213,480,430.3475040705238,0,-3.893018299825883
2.590899999976158,350,331.9125103477534,480,426.4014251963242,0,-3.9460788741996
2.607600000023842,350,327.8576751755073,480,422.3519154403249,0,-4.049509755999338
2.624,350,323.9208373697968,480,418.42842687045703,0,-3.9234885698678568
2.640700000047684,350,319.9350823025072,480,414.4521750159757,0,-3.9762518544813474
2.6578999999761583,350,315.8527447941132,480,410.3726880119116,0,-4.079487004064106
2.6738999999761583,350,311.9841287711697,480,406.5212278504769,0,-3.851460161434659
2.6906000000238417,350,308.0428003191739,480,402.5912050553616,0,-3.930022795115292
2.7075,350,303.981056653708,480,398.53227534260174,0,-4.058929712759891
2.7243999999761583,350,299.9661375159055,480,394.5237533714158,0,-4.008521971185928
2.7405,350,296.0697422051899,480,390.6412890367698,0,-3.882464334645988
2.757600000023842,350,292.005160527341,480,386.57867351889246,0,-4.0626155178773615
2.7745,350,288.0592490105963,480,382.6429931412461,0,-3.9356803776463494
2.791100000023842,350,284.016883974698,480,378.6039174456925,0,-4.039075695553606
2.8072000000476836,350,280.06938731483973,480,374.6661524922416,0,-3.9377649534508805
2.8237000000476837,350,276.1450279290925,480,370.7523741556556,0,-3.913778336586006
2.8407000000476836,350,272.1242458980432,480,366.7351534235157,0,-4.01722073213989
2.857100000023842,350,268.15062730793704,480,362.7683231251372,0,-3.966830298378511
2.8743999999761582,350,264.1284861444194,480,358.74945937516594,0,-4.018863749971274
2.891100000023842,350,260.1296517632134,480,354.75555957795046,0,-3.9938997972154766
2.907700000047684,350,256.17807244894937,480,350.81186655906316,0,-3.943693018887302
2.9242000000476835,350,252.15407888057524,480,346.7904838908242,0,-4.021382668238971
2.9406000000238417,350,248.1774172826107,480,342.8196928729131,0,-3.970791017911097
2.9581000000238418,350,244.0326273783337,480,338.6690556459854,0,-4.150637226927699
2.9738000000715257,350,240.22263157748006,480,334.87621990227916,0,-3.7928357437062346
2.9911000000238417,350,236.10071870903434,480,330.7494239187277,0,-4.12679598355146
3.0082000000476836,350,232.14605423268907,480,326.8021591071548,0,-3.947264811572893
3.0243000000715257,350,228.14300162433656,480,322.8027680276987,0,-3.9993910794561316
3.040700000047684,350,224.2353363618072,480,318.90482780664087,0,-3.8979402210578087
3.0572000000476836,350,220.231364280785,480,314.90344031605713,0,-4.001387490583738
3.0745,350,216.10720457854453,480,310.77367071847783,0,-4.129769597579298
3.090600000023842,350,212.27028875122704,480,306.95101797492117,0,-3.8226527435566595
3.1078000000715256,350,208.14533143337823,480,302.819893004247,0,-4.131124970674193
3.123600000023842,350,204.25976670210474,480,298.9451564342989,0,-3.874736569948084
3.1403999999761583,350,200.27791175706594,480,294.96684683081367,0,-3.978309603485229
3.1578000000715254,350,196.19984367561847,480,291.4247933254338,0,-3.5420535053798403
3.173700000047684,350,192.26534909639247,480,288.48480083680465,0,-2.939992488629173
3.1915,350,188.18667150959925,480,285.8623569998262,0,-2.622443836978448
3.2075,350,184.25161279527384,480,283.6856634036232,0,-2.1766935962029947
3.224100000023842,350,180.1723750115505,480,281.74407452935554,0,-1.9415888742676657
3.240899999976158,350,176.18884085087967,480,280.1142853741639,0,-1.629789155191645
3.2573000000715258,350,172.25299971364103,480,278.72636425977,0,-1.3879211143939187
3.2745,350,168.14900592941933,480,277.48161604925326,0,-1.2447482105167182
3.2908999999761583,350,164.18874615954854,480,276.44915308810323,0,-1.0324629611500313
3.3077000000476837,350,160.18026433664994,480,275.5491725026282,0,-0.8999805854750207
3.324200000047684,350,156.1955571822447,480,274.7790836256831,0,-0.770088876945124
3.3415,350,152.13867525561233,480,274.1047663299861,0,-0.6743172956969943
3.3577000000476835,350,148.22555956019482,480,273.54468329687256,0,-0.5600830331135285
3.3738000000715256,350,144.26421075184786,480,273.0555170273213,0,-0.4891662695512764
3.3903999999761583,350,140.25467221521131,480,272.6291190234888,0,-0.42639800383250304
3.408,350,136.10103576511017,480,272.2500418544397,0,-0.37907716904908284
3.424,350,132.18725670787026,480,271.9430304035659,0,-0.30701145087380155
3.4406000000238417,350,128.2492566756926,480,271.6764003033408,0,-0.26663010022508615
3.458200000047684,350,124.07113673113984,480,271.43339938856735,0,-0.24300091477346086
3.4743000000715254,350,120.15693151720367,480,271.23781634859085,0,-0.19558303997649773
3.491,350,116.14653574001723,480,271.06507883299827,0,-0.172737515592587
3.507,350,112.25598924490238,480,270.9205801756591,0,-0.14449865733917022
3.5243000000715257,350,108.14926247383416,480,270.7892665503992,0,-0.13131362525990653
3.540700000047684,350,104.23446871773173,480,270.6815735009183,0,-0.1076930494808721
3.5575,350,100.22349486040014,480,270.58645978443167,0,-0.0951137164866509
3.5738000000715258,350,96.21241406726631,480,270.504619205841,0,-0.08184057859068616
3.5913000000715254,350,92.15323458018958,480,270.43341864002315,0,-0.07120056581783274
3.6073999999761583,350,88.18999153333023,480,270.3736068708078,0,-0.0598117692153437
3.623899999976158,350,84.22661533867355,480,270.3220491253153,0,-0.05155774549251646
3.640600000023842,350,80.21510959241834,480,270.2771071063566,0,-0.0449420189586931
3.6572000000476836,350,76.22752004172288,480,270.23865144468334,0,-0.03845566167325387
3.674100000023842,350,72.11982624872088,480,270.2046096662446,0,-0.03404177843873413
3.6903000000715256,350,70,480,270.17669129202744,0,-0.027918374217165365
3.7068999999761583,350,70,480,270.15203398737447,0,-0.02465730465297611
3.724100000023842,350,70,480,270.13046488329155,0,-0.021569104082914237
3.7408000000715256,350,70,480,270.11235956120845,0,-0.018105322083101782
3.757,350,70,480,270.09702843666156,0,-0.015331124546889896
3.774399999976158,350,70,480,270.08341299370085,0,-0.013615442960713153
3.7912000000476835,350,70,480,270.07151477680867,0,-0.011898216892177516
3.8078000000715257,350,70,480,270.0615902819166,0,-0.009924494892061375
3.8248000000715257,350,70,480,270.05280490567986,0,-0.008785376236744469
3.8413999999761583,350,70,480,270.04559983495017,0,-0.007205070729696672
3.8573999999761583,350,70,480,270.03937787447416,0,-0.006221960476011645
3.8737000000476836,350,70,480,270.0339131924669,0,-0.005464682007243482
3.890600000023842,350,70,480,270.0292068741306,0,-0.00470631833633206
3.9078000000715254,350,70,480,270.02504073996215,0,-0.0041661341684289255
3.9242000000476835,350,70,480,270.02162400622825,0,-0.003416733733899946
3.9408999999761583,350,70,480,270.0185896336926,0,-0.0030343725356374307
3.957899999976158,350,70,480,270.0159379665625,0,-0.0026516671301237693
3.9743999999761583,350,70,480,270.0137508975315,0,-0.0021870690309810925
3.990899999976158,350,70,480,270.0118532737708,0,-0.0018976237607262192
4.0075,350,70,480,270.0102083304424,0,-0.0016449433283582948
4.024399999976158,350,70.0355283586427,480,270.0087600717627,0,-0.0014482586797157637
4.041,350,70.2326284361288,480,270.00754438891585,0,-0.0012156828468619096
4.057800000071525,350,70.5976437660508,480,270.0064740643616,0,-0.001070324554234503
4.073800000071525,350,71.08001494613853,480,270.00560581301085,0,-0.0008682513507665135
4.090899999976158,350,71.7331817367442,480,270.0048191814838,0,-0.0007866315270348423
4.107399999976158,350,72.51590493810546,480,270.0041503974345,0,-0.0006687840493100339
4.1248000000715255,350,73.44915396464886,480,270.0035647862602,0,-0.000585611174301448
4.1407000000476835,350,74.47803407367603,480,270.0030756125879,0,-0.0004891736722925089
4.157800000071526,350,75.68685273932468,480,270.0026345281533,0,-0.00044108443461254865
4.175100000023842,350,76.99463461357215,480,270.0022628025174,0,-0.0003717256358868326
4.191200000047684,350,78.3541788562069,480,270.00195580934894,0,-0.00030699316846494185
4.207800000071526,350,79.85392259065505,480,270.0016843910385,0,-0.0002714183104330914
4.224200000047683,350,81.45591854185956,480,270.00145063892455,0,-0.0002337521139565979
4.2408999999761585,350,83.14517254953653,480,270.0012504507634,0,-0.00020018816115907612
4.257300000071526,350,84.95005639103401,480,270.00107595011275,0,-0.00017450065064394948
4.274100000023842,350,86.8342993809511,480,270.0009266346583,0,-0.00014931545445051597
4.2911000000238415,350,88.84211452090703,480,270.00079588871915,0,-0.0001307459391455268
4.3075,350,90.87145746481868,480,270.00068667381004,0,-0.0001092149091164174
4.323700000047683,350,93.00503903789472,480,270.00059138034726,0,-0.00009529346277759032
4.3405,350,95.22859055308551,480,270.00050885310316,0,-0.00008252724410340306
4.357399999976158,350,97.54024601407542,480,270.0004374486712,0,-0.00007140443193520696
4.3747000000476834,350,99.98195009382505,480,270.0003747126164,0,-0.00006273605481510458
4.391100000023842,350,102.3756095565998,480,270.0003232931109,0,-0.00005141950549614194
4.408,350,104.89350085722111,480,270.0002779272464,0,-0.00004536586453696145
4.423800000071526,350,107.3646324690356,480,270.0002404373065,0,-0.000037489939870738453
4.440700000047683,350,110.01984068725017,480,270.0002065121763,0,-0.00003392513019662147
4.457200000047684,350,112.66829357514104,480,270.0001780134975,0,-0.000028498678830146673
4.4745,350,115.47066208775041,480,270.0001526212521,0,-0.000025392245390776225
4.4908999999761585,350,118.19226818434556,480,270.00013179654076,0,-0.000020824711327804835
4.5075,350,121.03126468057238,480,270.0001134043075,0,-0.00001839223324395789
4.524100000023842,350,123.90122130411764,480,270.0000976665744,0,-0.0000157377331220232
4.540899999976158,350,126.87063012512257,480,270.0000838860538,0,-0.000013780520589534717
4.557700000047683,350,129.83139920468517,480,270.00007224472944,0,-0.000011641324363154126
4.574200000047684,350,132.83443034602325,480,270.00006221893506,0,-0.000010025794381363085
4.591100000023842,350,135.91509871172192,480,270.0000534881094,0,-0.000008730825641123374
4.607399999976158,350,138.97915877395627,480,270.0000461067507,0,-0.000007381358727798215
4.624200000047684,350,142.1180418051846,480,270.0000396725445,0,-0.000006434206170524703
4.6408000000715255,350,145.2738495347391,480,270.00003416696956,0,-0.0000055055749612620275
4.657899999976158,350,148.56092675100513,480,270.00002929331623,0,-0.0000048736533244664315
4.674399999976158,350,151.72592977471598,480,270.0000252963312,0,-0.0000039969850149645936
4.691300000071526,350,155.03999154836112,480,270.00002172707923,0,-0.0000035692519873009587
4.707100000023842,350,158.26555620211786,480,270.00001876248456,0,-0.000002964594671084342
4.724,350,161.5794389541772,480,270.0000161587124,0,-0.000002603772145448602
4.741300000071526,350,165.04275046099508,480,270.0000138413345,0,-0.000002317377891358774
4.7575,350,168.37097622803336,480,270.0000119419734,0,-0.000001899361109281017
4.7738000000715255,350,171.7447210229121,480,270.0000102939812,0,-0.0000016479922351209098
4.7905,350,175.16337834879178,480,270.0000088654294,0,-0.0000014285517977441486
4.807600000023842,350,178.66806142202572,480,270.00000761453845,0,-0.0000012508909321695683
4.824700000047684,350,182.23795272680147,480,270.00000652838355,0,-0.000001086154895801883
4.840899999976158,350,185.64055659746268,480,270.00000564268134,0,-8.857022066877107e-7
4.858100000023842,350,189.2115381407743,480,270.00000484651247,0,-7.961688766044972e-7
4.8748000000715255,350,192.8243275314743,480,270.0000041589364,0,-6.875760618640925e-7
4.890600000023841,350,196.24236246026823,480,270.00000360117207,0,-5.577643378273933e-7
4.908,350,199.91460268805412,480,270.0000030874928,0,-5.136792537996371e-7
4.923899999976158,350,203.41028138600217,480,270.0000030874928,0,0
4.941,350,207.0960616759565,480,270.0000030874928,0,0
4.957800000071526,350,210.73302346662575,480,270.0000030874928,0,0
4.974700000047684,350,214.38553981994036,480,270.0000030874928,0,0
4.9905,350,217.94284001925467,480,270.0000030874928,0,0
5.007600000023841,350,221.7347851849146,480,270.0000030874928,0,0
5.024200000047684,350,225.34145901336439,480,270.0000030874928,0,0
5.0405,350,229.005267776841,480,270.0000030874928,0,0
5.057800000071525,350,232.7484312822601,480,270.0000030874928,0,0
5.074200000047684,350,236.45899972856594,480,270.0000030874928,0,0
5.0905,350,240.2035121948371,480,270.0000030874928,0,0
5.107399999976158,350,243.9591371138552,480,270.0000030874928,0,0
5.124100000023842,350,247.70282169071817,480,270.0000030874928,0,0
5.141200000047684,350,251.56988451585295,480,270.0000030874928,0,0
5.157700000047684,350,255.33356745931528,480,270.0000030874928,0,0
5.174300000071526,350,259.06101934722085,480,270.0000030874928,0,0
5.190700000047683,350,262.86565721390883,480,270.0000030874928,0,0
5.208200000047683,350,266.838970372497,480,270.0000030874928,0,0
5.224300000071525,350,270.5232315312363,480,270.0000030874928,0,0
5.240700000047684,350,274.2838551486933,480,270.0000030874928,0,0
5.257899999976158,350,278.12087640774,480,270.0000030874928,0,0
5.2745,350,282.0343137829327,480,270.0000030874928,0,0
5.290899999976158,350,285.79335042376,480,270.0000030874928,0,0
5.308100000023842,350,289.7206955099983,480,270.0000030874928,0,0
5.324399999976158,350,293.53884378252457,480,270.0000030874928,0,0
5.341300000071525,350,297.4326244165007,480,270.0000030874928,0,0
5.357399999976158,350,301.2162270526465,480,270.0000030874928,0,0
5.3747000000476834,350,305.2378896400391,480,270.0000030874928,0,0
5.391800000071526,350,309.07891901922613,480,270.0000030874928,0,0
5.408,350,312.9483898229214,480,270.0000030874928,0,0
5.423899999976158,350,316.75276569230755,480,270.0000030874928,0,0
5.440399999976158,350,320.63190904451415,480,270.0000030874928,0,0
5.458,350,324.6794136197586,480,270.0000030874928,0,0
5.473899999976158,350,328.4503729842909,480,270.0000030874928,0,0
5.491100000023842,350,332.36608077894226,480,270.0000030874928,0,0
5.507100000023842,350,336.28583023428394,480,270.0000030874928,0,0
5.524399999976158,350,340.2799425280271,480,270.0397181737974,0,0.039715086304568104
5.541399999976158,350,344.1837671886511,480,270.6148104150897,0,0.5750922412923387
5.557300000071526,350,348.0440544895706,480,271.6342798420941,0,1.019469427004367
5.574399999976158,350,351.97837089147407,480,273.07779978830234,0,1.443519946208255
5.591200000047683,350,355.9866885865197,480,274.90918743321123,0,1.8313876449088866
5.6078999999761585,350,359.9038148497076,480,276.99007350801094,0,2.0808860747997073
5.624600000023841,350,363.87115828310147,480,279.358899130464,0,2.3688256224530733
5.640600000023841,350,367.69962607133755,480,281.84717543027523,0,2.4882762998112185
5.657700000047684,350,371.71995211134936,480,284.6665317863993,0,2.8193563561240467
5.674300000071526,350,375.6010028405631,480,287.53924036835804,0,2.8727085819587614
5.691300000071526,350,379.6502824774254,480,290.69320910936125,0,3.1539687410032116
5.707899999976158,350,383.55990285859946,480,293.84881268279054,0,3.155603573429289
5.724,350,387.4955469305576,480,297.1303987231702,0,3.2815860403796364
5.740300000071525,350,391.36227940578596,480,300.4367660385565,0,3.3063673153863533
5.757300000071526,350,395.3972246111568,480,303.9779132399665,0,3.541147201409956
5.774,350,399.2918062869969,480,307.4515829405692,0,3.473669700602727
5.7915,350,403.3783460966187,480,311.1698313679499,0,3.718248427380672
5.807600000023842,350,407.3004622138977,480,314.775858237321,0,3.606026869371135
5.824300000071526,350,411.2719325605358,480,318.4733906352082,0,3.697532397887187
5.840399999976158,350,415.15001533294446,480,322.11333592631826,0,3.6399452911100525
5.857399999976158,350,419.1249307870143,480,325.8828093168922,0,3.7694733905739213
5.874100000023842,350,423.14904114381653,480,329.73000956477495,0,3.8472002478827676
5.8907000000476835,350,427.0794426729104,480,333.50423113758853,0,3.7742215728135875
5.907200000047684,350,431.0351353873472,480,337.3248445939081,0,3.8206134563195633
5.923899999976158,350,434.99223828973743,480,341.16439943368454,0,3.83955483977644
5.941200000047684,350,439.06985466540146,480,345.14489628544544,0,3.980496851760904
5.957,350,442.9341773494364,480,348.9150527074477,0,3.7701564220022874
5.9748999999761585,350,447.0620841355981,480,352.9734071963823,0,4.058354488934583
5.991100000023842,350,451.0003085433073,480,356.8411193812911,0,3.8677121849087825
6.008,350,454.9874090556048,480,360.7689396569126,0,3.9278202756215137
6.024200000047684,350,458.85626371761566,480,364.579531407756,0,3.8105917508434004
6.0412000000476835,350,462.9171898174663,480,368.5998028895553,0,4.020271481799284
6.0571000000238415,350,466.8119383393315,480,372.44926400939806,0,3.849461119842772
6.0745,350,470.89875760875657,480,376.50736371664556,0,4.058099707247493
6.091,350,474.81923145739984,480,380.39242702776147,0,3.885063311115914
6.108300000071526,350,478.9317720390496,480,384.4853550214334,0,4.092927993671935
6.1245,350,482.80611079508833,480,388.32761632391646,0,3.8422613024830525
6.141100000023842,350,486.800839329494,480,392.30106021039995,0,3.9734438864834942
6.157200000047684,350,490.7246177899137,480,396.2014500304824,0,3.9003898200824665
6.174,350,494.7209164627816,480,400.18134719628597,0,3.97989716580355
6.190899999976158,350,498.8135937590529,480,404.2655151969713,0,4.084168000685338
6.208,350,502.78730133030564,480,408.22363872646804,0,3.9581235294967314
6.224,350,506.6899019239572,480,412.1077748139692,0,3.8841360875011333
6.240700000047684,350,510.736755830564,480,416.1472557207114,0,4.039480906742256
6.257200000047684,350,514.6645231519615,480,420.06050476683316,0,3.9132490461217344
6.2745,350,518.7843877972894,480,424.1798980078417,0,4.119393241008538
6.291300000071526,350,522.8089829198187,480,428.19725298179134,0,4.017354973949637
6.307700000047683,350,526.7383303438685,480,432.113769318137,0,3.9165163363456372
6.323899999976158,350,530.6682303913868,480,436.03212221877146,0,3.9183529006344884
6.3415,350,534.7902367081033,480,440.1564247138728,0,4.124302495101347
6.3575,350,538.6252287228208,480,443.97444012957396,0,3.8180154157011543
6.3738999999761585,350,542.6284472932472,480,447.97311248097753,0,3.9986723514035702
6.3907000000476835,350,546.6320931120777,480,451.9724788807415,0,3.9993663997639715
6.407200000047684,350,550.6361485328925,480,455.972499634318,0,4.000020753576507
6.424700000047684,350,554.7843477178883,480,460.12671011661854,0,4.1542104823005275
6.441,350,558.669246884113,480,463.9990603241106,0,3.8723502074920475
6.457399999976158,350,562.6025178305018,480,467.9241367036241,0,3.9250763795134844
6.474,350,566.6080833972507,480,471.92698712233795,0,4.0028504187138765
6.490800000071525,350,570.6379472926159,480,475.9558311808039,0,4.02884405846595
6.507399999976158,350,574.6201711647682,480,479.9337376841914,0,3.977906503387487
6.524700000047684,350,578.6746305739059,480,483.9890090891861,0,4.0552714049946985
6.540600000023842,350,582.6094789138907,480,487.916419964407,0,3.9274108752209145
6.557700000047683,350,586.6165843869519,480,491.9215335703902,0,4.005113605983183
6.573800000071525,350,590.576002171239,480,495.8758500318405,0,3.9543164614503326
6.590899999976158,350,594.6316228358013,480,499.9332209572288,0,4.057370925388284
6.608200000047684,350,598.7593850334896,480,504.067282683286,0,4.134061726057212
6.6245,350,602.6954501819563,480,507.9957498629153,0,3.9284671796293082
6.640600000023841,350,606.6078117095725,480,511.89977973804895,0,3.904029875133631
6.657899999976158,350,610.7123273747344,480,516.0096662891449,0,4.10988655109594
6.6745,350,614.6970552897058,480,519.9907714300405,0,3.981105140895579
6.6905,350,618.6100406089053,480,523.8957847239997,0,3.9050132939592004
6.707800000071526,350,622.6911975507761,480,527.9809979522902,0,4.085213228290513
6.7245,350,626.7245045452626,480,532.0144090632309,0,4.033411110940733
6.741600000023842,350,630.8059440124558,480,536.0990721359544,0,4.084663072723515
6.757899999976158,350,634.7435590188376,480,540.0297787242108,0,3.9307065882563847
6.774300000071525,350,638.6813911850509,480,543.9614631116625,0,3.9316843874516962
6.791,350,642.6914095727169,480,547.970732806994,0,4.009269695331454
6.807899999976158,350,646.7255668542372,480,552.0057334345014,0,4.035000627507429
6.824700000047684,350,650.7358524875701,480,556.0150272150825,0,4.009293780581061
6.840600000023842,350,654.4701069410727,480,559.8755121740307,0,3.860484958948291
6.857800000071526,350,658.1817831791099,480,563.8475685274159,0,3.972056353385142
6.8738999999761585,350,661.6986845312092,480,567.7126195120214,0,3.8650509846055456
6.8907000000476835,350,665.0711808202004,480,571.5093160001325,0,3.7966964881110243
6.907200000047684,350,668.3052013628777,480,575.227926884183,0,3.7186108840505767
6.923800000071526,350,671.4422111937622,480,578.9064267658036,0,3.67849988162061
6.940700000047683,350,674.4146024822929,480,582.44633517217,0,3.5399084063664077
6.957200000047684,350,677.1011142993999,480,585.8678130880984,0,3.4214779159283353
6.973899999976158,350,679.5264117705136,480,589.1693752006487,0,3.3015621125503003
6.990600000023842,350,681.6857683218341,480,592.3115423018409,0,3.1421671011921717
7.007600000023841,350,683.6198812754767,480,595.3345622797677,0,3.0230199779268787
7.024,350,685.2414732652878,480,598.0508004741912,0,2.716238194423454
7.0415,350,686.7042336849431,480,600.7259550348925,0,2.675154560701344
7.057600000023842,350,687.8823776964327,480,603.0802252950774,0,2.354270260184876
7.074700000047684,350,688.8760304183727,480,605.3089757059003,0,2.2287504108228404
7.090899999976158,350,689.6376672112987,480,607.2640826118077,0,1.955106905907428
7.107200000047683,350,690.2152741236686,480,609.0513469475779,0,1.78726433577026
7.1245,350,690.6161652176754,480,610.709898271047,0,1.6585513234690552
7.140600000023841,350,690.8224215070608,480,612.0818587162672,0,1.3719604452202248
7.157899999976158,350,690.8597117589508,480,613.313604393436,0,1.2317456771687603
7.174399999976158,350,690.7259777703888,480,614.3594725894604,0,1.0458681960244576
7.191,350,690.4414772499671,480,615.1940686458187,0,0.8345960563582366
7.207,350,690.0050204318233,480,615.8579799577903,0,0.663911311971674
7.224399999976158,350,689.4025878908841,480,616.3608544713279,0,0.502874513537563
7.241100000023842,350,688.6850101352676,480,616.6797840446777,0,0.31892957334980565
7.2578000000715255,350,687.8067756591953,480,616.8387998722499,0,0.15901582757214783
7.274100000023842,350,686.8291162358357,480,616.8387998722499,0,0
7.290800000071526,350,685.7089211006356,480,616.8387998722499,0,0
7.307700000047683,350,684.469222692014,480,616.8387998722499,0,0
7.324899999976158,350,683.088643747095,480,616.8387998722499,0,0
7.340899999976158,350,681.660219041334,480,616.8387998722499,0,0
7.357600000023842,350,680.0714218042417,480,616.8387998722499,0,0
7.3748000000715255,350,678.3687441799266,480,616.8387998722499,0,0
7.3907000000476835,350,676.666159370611,480,616.8387998722499,0,0
7.407899999976158,350,674.772307108375,480,616.8387998722499,0,0
7.423899999976158,350,672.8594400943304,480,616.8387998722499,0,0
7.440899999976158,350,670.8009445168686,480,616.8387998722499,0,0
7.457899999976158,350,668.6719237541322,480,616.8387998722499,0,0
7.4745,350,666.5179348463088,480,616.8387998722499,0,0
7.491100000023842,350,664.207333403743,480,616.8387998722499,0,0
7.5078000000715255,350,661.8943260747583,480,616.8387998722499,0,0
7.524600000023842,350,659.4693851979233,480,616.8387998722499,0,0
7.540899999976158,350,657.0686061257205,480,616.8387998722499,0,0
7.557899999976158,350,654.4835049962985,480,616.8387998722499,0,0
7.574600000023842,350,651.867231340053,480,616.8387998722499,0,0
7.591100000023842,350,649.1919307462688,480,616.8387998722499,0,0
7.607800000071526,350,646.55941207968,480,616.8387998722499,0,0
7.624200000047684,350,643.7750913030704,480,616.8387998722499,0,0
7.641,350,641.007360995812,480,616.8387998722499,0,0
7.657399999976158,350,638.1396366070092,480,616.8387998722499,0,0
7.674300000071526,350,635.2068731005085,480,616.8387998722499,0,0
7.690700000047683,350,632.2821473541624,480,616.8387998722499,0,0
7.707899999976158,350,629.2055625671343,480,616.8387998722499,0,0
7.723899999976158,350,626.2515654584076,480,616.8387998722499,0,0
7.740600000023842,350,623.1477099769239,480,616.8387998722499,0,0
7.757600000023841,350,620.0429010607048,480,616.8387998722499,0,0
7.774300000071525,350,616.8826271868071,480,616.8387998722499,0,0
7.791,350,613.6291406218725,480,616.8387998722499,0,0
7.8071000000238415,350,610.4968672550498,480,616.8387998722499,0,0
7.824100000023842,350,607.1567065679014,480,616.8387998722499,0,0
7.840800000071526,350,603.9431443834158,480,616.8387998722499,0,0
7.857300000071525,350,600.5607889600781,480,616.8387998722499,0,0
7.874100000023842,350,597.3753565491871,480,616.8387998722499,0,0
7.8908000000715255,350,594.3916239819146,480,616.8387998722499,0,0
7.907100000023842,350,591.4777439185823,480,616.8387998722499,0,0
7.9245,350,588.6351651404829,480,616.8387998722499,0,0
7.940800000071525,350,585.9576916068298,480,616.8387998722499,0,0
7.957899999976158,350,583.3309427633319,480,616.8387998722499,0,0
7.973899999976158,350,580.9281589330201,480,616.8387998722499,0,0
7.991100000023842,350,578.4990967355295,480,616.8387998722499,0,0
8.008100000023841,350,576.1857327187521,480,616.8387998722499,0,0
8.025,350,574.019553243637,480,616.8387998722499,0,0
8.041300000071526,350,571.9543096794365,480,616.8387998722499,0,0
8.058100000023842,350,569.9618629671378,480,616.8387998722499,0,0
8.074600000023842,350,568.0512267364034,480,616.8387998722499,0,0
8.092,350,566.1979037410904,480,616.8387998722499,0,0
8.107200000047683,350,564.4722653116908,480,616.8387998722499,0,0
8.124,350,562.7967549096871,480,616.8387998722499,0,0
8.141,350,561.1430247938878,480,616.8387998722499,0,0
8.158,350,559.5945109377698,480,616.8387998722499,0,0
8.174800000071526,350,558.0924477548681,480,616.8387998722499,0,0
8.191399999976158,350,556.6363840691664,480,616.8387998722499,0,0
8.208,350,555.2808314567712,480,616.8387998722499,0,0
8.225100000023842,350,553.9128020021564,480,616.8387998722499,0,0
8.241300000071526,350,552.7191654525087,480,616.8387998722499,0,0
8.257700000047684,350,551.516584271172,480,616.8387998722499,0,0
8.274800000071526,350,550.3434296900941,480,616.8387998722499,0,0
8.290899999976158,350,549.2639521553751,480,616.8387998722499,0,0
8.3075,350,548.1971185981902,480,616.8387998722499,0,0
8.323800000071525,350,547.1860860762496,480,616.8387998722499,0,0
8.341399999976158,350,546.1657477603915,480,616.7412382823684,0,-0.09756158988147945
8.357399999976158,350,545.2646656452765,480,616.5432118008538,0,-0.1980264815146029
8.374100000023843,350,544.3630063565406,480,616.2389637010764,0,-0.3042480997773964
8.391200000047684,350,543.4886772923483,480,615.8509048515599,0,-0.38805884951648295
8.407700000047683,350,542.6556304851483,480,615.4025303607752,0,-0.4483744907846585
8.424399999976158,350,541.8754148550221,480,614.9185260142254,0,-0.4840043465497956
8.440800000071526,350,541.1181109781846,480,614.3911217308581,0,-0.527404283367332
8.457300000071525,350,540.3919022340159,480,613.8361282702076,0,-0.5549934606505076
8.4745,350,539.6834634788931,480,613.2501971772745,0,-0.5859310929331514
8.491700000047684,350,539.0007836707254,480,612.6473317009619,0,-0.6028654763125587
8.507800000071526,350,538.3652287794945,480,612.0564015285042,0,-0.5909301724576608
8.524899999976158,350,537.7450022843674,480,611.4514076472339,0,-0.6049938812703886
8.541100000023842,350,537.1675062528445,480,610.8668821727869,0,-0.5845254744469912
8.557700000047683,350,536.6067858890376,480,610.2789889161764,0,-0.587893256610414
8.575600000023842,350,536.0471262613469,480,609.6720825867399,0,-0.6069063294365833
8.591,350,535.5321580023749,480,609.1007730237828,0,-0.5713095629570262
8.607899999976159,350,535.0296098153168,480,608.5294900849261,0,-0.5712829388567116
8.624300000071525,350,534.5534334774006,480,607.977711064521,0,-0.5517790204050925
8.640700000047683,350,534.1073616503401,480,607.4526228959691,0,-0.5250881685519744
8.657800000071525,350,533.6513674276052,480,606.9045422845909,0,-0.5480806113781682
8.674200000047684,350,533.2414859345087,480,606.4075774516174,0,-0.4969648329735037
8.691,350,532.8294408418527,480,605.8999462153932,0,-0.5076312362241424
8.707700000047684,350,532.4480674857566,480,605.4262661484428,0,-0.4736800669504646
8.723899999976158,350,532.0800305301366,480,604.9644856571107,0,-0.4617804913320924
8.741200000047684,350,531.7147332534416,480,604.500933670433,0,-0.4635519866776576
8.757700000047684,350,531.3766409742576,480,604.0697813007636,0,-0.43115236966946213
8.774300000071525,350,531.0504659594601,480,603.6507744742095,0,-0.4190068265540958
8.791,350,530.7340751961653,480,603.2414908247952,0,-0.40928364941430573
8.807300000071525,350,530.4394821537061,480,602.8591651601527,0,-0.38232566464250795
8.823899999976158,350,530.1501258452076,480,602.4811181894215,0,-0.378046970731134
8.840600000023842,350,529.8743121251466,480,602.1193575208713,0,-0.36176066855023237
8.8575,350,529.6067719719823,480,601.7667808289044,0,-0.352576691966874
8.874399999976157,350,529.3474250244476,480,601.4235461478889,0,-0.34323468101547405
8.891300000071526,350,529.1031774309976,480,601.0997382357775,0,-0.3238079121114197
8.907800000071525,350,529.0347879829092,480,600.8115740206991,0,-0.28816421507838186
8.924100000023842,350,529.1272953144886,480,600.5830688583656,0,-0.2285051623335903
8.940800000071526,350,529.3844892161982,480,600.4158068328934,0,-0.16726202547215507
8.957100000023841,350,529.793477970224,480,600.3294428687678,0,-0.08636396412555314
8.974300000071526,350,530.3537066139204,480,600.3294428687678,0,0
8.991100000023842,350,531.0666328452754,480,600.3294428687678,0,0
9.007300000071526,350,531.8903838649779,480,600.3294428687678,0,0
9.0245,350,532.8866191303943,480,600.3294428687678,0,0
9.041399999976159,350,533.9778472147198,480,600.3294428687678,0,0
9.0575,350,535.172172977411,480,600.3294428687678,0,0
9.074399999976158,350,536.4952584207676,480,600.3294428687678,0,0
9.091100000023841,350,537.9835087538653,480,600.3294428687678,0,0
9.107600000023842,350,539.495083954447,480,600.3294428687678,0,0
9.124200000047683,350,541.1560213654831,480,600.3294428687678,0,0
9.141399999976159,350,542.9156747694608,480,600.3294428687678,0,0
9.157700000047683,350,544.7121807308084,480,600.3294428687678,0,0
9.174300000071526,350,546.678739347566,480,600.3294428687678,0,0
9.190899999976159,350,548.6463537690133,480,600.3294428687678,0,0
9.207200000047683,350,550.7317363053378,480,600.3294428687678,0,0
9.223800000071526,350,552.8953245471071,480,600.3294428687678,0,0
9.241,350,555.2035011205099,480,600.3294428687678,0,0
9.257800000071526,350,557.4873577102162,480,600.3294428687678,0,0
9.2745,350,559.9269202417192,480,600.3294428687678,0,0
9.290700000047684,350,562.3297696355847,480,600.3294428687678,0,0
9.307399999976159,350,564.8556757002076,480,600.3294428687678,0,0
9.323899999976158,350,567.411368636017,480,600.3294428687678,0,0
9.3415,350,570.154035833515,480,600.3294428687678,0,0
9.357200000047683,350,572.7755384019159,480,600.3294428687678,0,0
9.374700000047683,350,575.5825281381041,480,600.3294428687678,0,0
9.3905,350,578.3234660008204,480,600.3294428687678,0,0
9.407100000023842,350,581.1640676149997,480,600.3294428687678,0,0
9.424,350,584.0871788418983,480,600.3294428687678,0,0
9.4405,350,587.0028116227911,480,600.3294428687678,0,0
9.457100000023841,350,590.0158437519606,480,600.3294428687678,0,0
9.473800000071526,350,593.0345953856827,480,600.3294428687678,0,0
9.490600000023841,350,596.111869351049,480,600.3294428687678,0,0
9.507399999976158,350,599.2278143756774,480,600.3294428687678,0,0
9.524600000023842,350,602.4571560784191,480,600.3294428687678,0,0
9.5405,350,605.5500684109588,480,600.3294428687678,0,0
9.557700000047683,350,608.8504375866011,480,600.3294428687678,0,0
9.573899999976158,350,612.0079414124211,480,600.3294428687678,0,0
9.590700000047685,350,615.29423134211,480,600.3294428687678,0,0
9.607300000071525,350,618.61055945285,480,600.3294428687678,0,0
9.624300000071525,350,621.996044929084,480,600.3294428687678,0,0
9.6405,350,625.3080525252346,480,600.3294428687678,0,0
9.658100000023842,350,628.7890810583197,480,600.3294428687678,0,0
9.674200000047684,350,632.131504906618,480,600.3294428687678,0,0
9.690800000071526,350,635.5595110492682,480,600.3294428687678,0,0
9.707100000023841,350,639.0314998583018,480,600.3294428687678,0,0
9.724100000023842,350,642.5679277962516,480,600.3294428687678,0,0
9.741800000071526,350,646.2320734136038,480,600.3294428687678,0,0
9.7575,350,649.5565733964904,480,600.3294428687678,0,0
9.773899999976159,350,653.0911518417352,480,600.3294428687678,0,0
9.791200000047684,350,656.7089194986439,480,600.3294428687678,0,0
9.807800000071525,350,660.2587894635686,480,600.3294428687678,0,0
9.824100000023842,350,663.7032925199538,480,600.3294428687678,0,0
9.840899999976157,350,667.0623045130299,480,600.3294428687678,0,0
9.857100000023841,350,670.1349163932124,480,600.3294428687678,0,0
9.873800000071526,350,673.1715386077141,480,600.7260578897124,0,0.39661502094452317
9.8915,350,676.1994091841754,480,601.5194420049386,0,0.7933841152262175
9.907600000023843,350,678.9214587600607,480,602.5294249520995,0,1.0099829471608928
9.924,350,681.5337187421807,480,603.7580337867006,0,1.2286088346011184
9.941100000023841,350,684.1877030635419,480,605.2618262998053,0,1.5037925131047132
9.957100000023841,350,686.5450400604144,480,606.7750435063699,0,1.5132172065646046
9.974700000047683,350,688.9309311484279,480,608.4902102461898,0,1.7151667398198924
9.990899999976158,350,691.1522885240655,480,610.2277492955488,0,1.737539049359043
10.007899999976159,350,693.370554077672,480,612.1024685081238,0,1.8747192125749734
10.023899999976159,350,695.3997566122587,480,613.9168435187406,0,1.8143750106168
10.041300000071526,350,697.4271556818667,480,615.8335552637383,0,1.9167117449976558
10.057300000071525,350,699.2926687371149,480,617.6700108597903,0,1.8364555960520192
10.073800000071525,350,701.1250201280923,480,619.5476600570462,0,1.8776491972558915
10.091200000047683,350,702.9219504626788,480,621.4553988992225,0,1.9077388421762862
10.107300000071525,350,704.5657282256659,480,623.2442639463338,0,1.7888650471113579
10.124899999976158,350,706.2357612394662,480,625.1174313349502,0,1.8731673886163662
10.140700000047683,350,707.719127428838,480,626.807473176375,0,1.6900418414247724
10.158,350,709.2374615164955,480,628.5805146496078,0,1.7730414732328654
10.174100000023842,350,710.6182154982348,480,630.2136628788147,0,1.6331482292068813
10.190800000071526,350,711.990621103801,480,631.8662557524121,0,1.6525928735974276
10.207399999976158,350,713.2835008456138,480,633.4418354934066,0,1.575579740994499
10.224100000023842,350,714.5451987444885,480,634.999906655005,0,1.5580711615983773
10.240800000071525,350,715.7406874568446,480,636.4904632778682,0,1.4905566228632097
10.259,350,716.979385686066,480,638.0591738789093,0,1.5687106010410616
10.2745,350,718.0241514203723,480,639.3800540773562,0,1.3208801984469574
10.290899999976158,350,719.0585068645414,480,640.7006498816274,0,1.3205958042711927
10.307800000071525,350,720.0861234986829,480,642.0249178133031,0,1.3242679316756494
10.324,350,721.0372809011719,480,643.2546276793433,0,1.2297098660402526
10.341300000071525,350,721.9875929572572,480,644.4935758927325,0,1.2389482133891079
10.357100000023841,350,722.8620234400186,480,645.6354254178799,0,1.1418495251474496
10.374100000023843,350,723.7405939739709,480,646.7915648770864,0,1.1561394592065426
10.391200000047684,350,724.5490102468264,480,647.8560713473036,0,1.0645064702171112
10.4075,350,725.3336866284473,480,648.8937807267391,0,1.0377093794355687
10.424100000023842,350,726.0904856582557,480,649.8980823194096,0,1.0043015926704584
10.441399999976158,350,726.8409562101382,480,650.8991343661404,0,1.0010520467308197
10.457200000047683,350,727.5075434174464,480,651.785402985757,0,0.8862686196165441
10.4745,350,728.1898443128721,480,652.6989468906381,0,0.9135439048811804
10.491,350,728.8213318150804,480,653.5438359663106,0,0.8448890756724268
10.507700000047684,350,729.423524311149,480,654.3506694002082,0,0.8068334338976229
10.524399999976158,350,730.0114055021374,480,655.1406262397554,0,0.7899568395472443
10.540700000047684,350,730.5717724043901,480,655.8943359592618,0,0.7537097195063325
10.557399999976159,350,731.1122310417271,480,656.6224942471968,0,0.7281582879350026
10.573899999976158,350,731.6273948827253,480,657.3170515542206,0,0.6945573070238424
10.591100000023841,350,732.1327989535949,480,658.0002629774559,0,0.6832114232353206
10.6075,350,732.6005818495149,480,658.6315364149036,0,0.6312734374477031
10.624600000023841,350,733.057247729234,480,659.2491453017452,0,0.6176088868415945
10.640800000071525,350,733.4925405202015,480,659.8380243565354,0,0.5888790547901408
10.657800000071525,350,733.9123685787523,480,660.4065998963689,0,0.5685755398335459
10.673800000071525,350,734.3125476493793,480,660.9486495293723,0,0.5420496330034439
10.6905,350,734.6962952429295,480,661.4687307265913,0,0.5200811972189285
10.707800000071526,350,735.0770095272097,480,661.986206699014,0,0.5174759724227442
10.724399999976159,350,735.4313891966765,480,662.4669825960901,0,0.48077589707611423
10.740600000023841,350,735.7613766289776,480,662.9139312159949,0,0.44694861990478785
10.757800000071526,350,736.0968391296502,480,663.3704032512125,0,0.45647203521753
10.774,350,736.3983348542683,480,663.77884457968,0,0.40844132846757475
10.790899999976158,350,736.7033045827518,480,664.1937385338673,0,0.4148939541872778
10.807399999976159,350,736.9855730308717,480,664.5768447942645,0,0.38310626039719864
10.824700000047685,350,737.267448600378,480,664.9606385683004,0,0.3837937740358939
10.840899999976157,350,737.5237827090006,480,665.3083789189891,0,0.3477403506886958
10.858300000071525,350.1736307931264,737.7829202499343,480,665.6613530559666,0,0.35297413697753655
10.874300000071525,350.4933860645618,738.0213655390745,480,665.9852030398622,0,0.3238499838955704
10.890700000047683,350.9638647959483,738.2514725376217,480,666.2979482143028,0,0.3127451744405789
10.907399999976159,351.5815919926147,738.4734685969145,480,666.5998570209624,0,0.3019088066596396
10.924100000023842,352.3485082267672,738.6888054543118,480,666.8929871508581,0,0.29313012989564413
10.941300000071525,353.26358756772004,738.897547790732,480,667.1773747264829,0,0.2843875756248053
10.957600000023842,354.27053937855305,739.0907518036395,480,667.4399356832823,0,0.26256095679946156
10.9745,355.4345096618495,739.2815266972137,480,667.6997797809291,0,0.2598440976468055
10.990899999976158,356.6864489564819,739.4601834533828,480,667.9427154751048,0,0.24293569417568506
11.007700000047684,358.0759127767827,739.6345313425085,480,668.1801182740702,0,0.23740279896537686
11.024,359.5372468651293,739.797822224845,480,668.4021058280158,0,0.22198755394560976
11.041300000071526,361.1600288403545,739.9599731903072,480,668.623120904085,0,0.22101507606919313
11.057399999976159,362.81131687964955,740.1091765452487,480,668.8258887315246,0,0.2027678274396294
11.074300000071526,364.6102704398777,740.2565679566982,480,669.0266477260593,0,0.20075899453468082
11.0915,366.5139910711821,740.3986410451403,480,669.2202327095204,0,0.1935849834610508
11.108700000047683,368.5694011876762,740.5386281819426,480,669.4113393951928,0,0.19110668567248013
11.124600000023841,370.5370106028307,740.6622537513821,480,669.5791023364865,0,0.16776294129363123
11.141200000047684,372.67165045187716,740.7859585071867,480,669.7475193531478,0,0.16841701666135123
11.157800000071525,374.8428737206401,740.9025117735574,480,669.9060118524148,0,0.1584924992670267
11.173899999976157,377.0859868793639,741.0143357997329,480,670.0581003244289,0,0.15208847201404296
11.190700000047684,379.4560669457502,741.1241282481783,480,670.2076898972362,0,0.14958957280725826
11.207700000047684,381.9252144942975,741.2305583897099,480,670.3528045348138,0,0.14511463757764886
11.224399999976159,384.38582360077214,741.3296417318792,480,670.4876080610044,0,0.13480352619058067
11.241700000047684,387.0017466471105,741.4279874944652,480,670.621745896896,0,0.13413783589157902
11.257399999976158,389.5048861682197,741.5163624003519,480,670.7417249307979,0,0.11997903390192732
11.274200000047683,392.175399148396,741.6047939133599,480,670.862166377546,0,0.12044144674814561
11.291200000047684,394.9346448178629,741.6905449758502,480,670.9790486210833,0,0.11688224353724763
11.307399999976159,397.64667414436246,741.7699157792696,480,671.0869600686877,0,0.10791144760446514
11.324200000047684,400.493487221991,741.8483226941036,480,671.1937977108827,0,0.10683764219493241
11.341200000047683,403.40725746491546,741.9239004529169,480,671.2968134656068,0,0.10301575472408331
11.357800000071526,406.2978483602651,741.9946774664702,480,671.3931186927218,0,0.09630522711506728
11.374300000071525,409.2684111202085,742.0633536833219,480,671.4866501178572,0,0.09353142513532475
11.390600000023841,412.2455028553336,742.1284377709504,480,671.5752168093821,0,0.08856669152498853
11.407899999976157,415.37406381703744,742.1930373705391,480,671.6633441227773,0,0.08812731339514812
11.424100000023842,418.3940609441334,742.252131139094,480,671.7436823421657,0,0.08033821938840902
11.441,421.5451018243383,742.3105072658144,480,671.8232216265466,0,0.07953928438087132
11.457899999976158,424.7329529554583,742.3664581801144,480,671.8994508905002,0,0.07622926395367813
11.473899999976158,427.85926105543473,742.4185543598522,480,671.9702809992668,0,0.07083010876658591
11.490899999976158,431.0957655062383,742.469724469404,480,672.0399784340347,0,0.06969743476781787
11.507300000071526,434.3643644019637,742.5187811264009,480,672.1067954441934,0,0.06681701015872932
11.524600000023842,437.7633322566462,742.5671585875781,480,672.172817744147,0,0.06602229995360176
11.541399999976159,441.072869414523,742.6119313621014,480,672.2337559313706,0,0.060938187223655405
11.557600000023841,444.3496068195153,742.6541217862214,480,672.291113589292,0,0.05735765792132952
11.574700000047685,447.8154889559796,742.6965119638027,480,672.348940524565,0,0.057826935273055824
11.591,451.185159539651,742.7357451929225,480,672.4023195660247,0,0.05337904145972061
11.607700000047684,454.5998862643824,742.7735955073977,480,672.4538435495724,0,0.05152398354766774
11.624,457.9965748051723,742.8094724914808,480,672.5026443198794,0,0.04880077030702523
11.641100000023842,461.5412007222333,742.8450990220241,480,672.5512284637397,0,0.04858414386023924
11.657800000071525,465.02413694660106,742.8784588645186,480,672.5966400078427,0,0.045411544102989865
11.673899999976157,468.485478877111,742.9100794878818,480,672.6396513780322,0,0.043011370189560694
11.691300000071525,472.0943068452204,742.9414793709217,480,672.6824717993486,0,0.04282042131637809
11.707399999976158,475.5730568694736,742.9703720011997,480,672.7217549169061,0,0.03928311755748837
11.724300000071526,479.1772794964632,742.9989137558998,480,672.76064702414,0,0.03889210723389169
11.740600000023841,482.73455577365417,743.0258016207539,480,672.7972383565714,0,0.036591332431385126
11.757800000071526,486.43898236504793,743.052489331478,480,672.8336479293087,0,0.03640957273728418
11.774800000071526,490.0949390636694,743.0776195580777,480,672.8678830660359,0,0.034235136727261306
11.791,493.61325603608066,743.1007430142957,480,672.8992938239666,0,0.03141075793064374
11.808200000047684,497.32175098167943,743.1240011980348,480,672.9309994982491,0,0.031705674282534346
11.824300000071526,500.9786779137302,743.1459084788046,480,672.9608235874089,0,0.029824089159774303
11.842399999976157,504.8266720352113,743.1678842133463,480,672.9908378515534,0,0.030014264144483604
11.857399999976158,508.3551024713665,743.1871750208409,480,673.0170159972387,0,0.026178145685321397
11.874399999976157,512.1184111727576,743.2068222906064,480,673.0437972123156,0,0.02678121507688047
11.8905,515.759796791916,743.2250077164308,480,673.0685228411621,0,0.024725628846567815
11.907700000047683,519.5471375356256,743.2430746644822,480,673.0931516869157,0,0.024628845753568385
11.924200000047684,523.2558092016225,743.2599939889919,480,673.1161759234059,0,0.023024236490186922
11.940899999976159,527.0427536002031,743.2765052510174,480,673.1386740166467,0,0.02249809324086982
11.958,530.8627324138675,743.29242073732,480,673.1603673120621,0,0.021693295415389002
11.9745,534.6246679066211,743.3074118058801,480,673.1807734769545,0,0.020406164892392553
11.991300000071526,538.4642292901952,743.322036049989,480,673.2007052889278,0,0.019931811973265212
12.008100000023841,542.2446099402329,743.3358108754585,480,673.2194546266626,0,0.01874933773478915
12.024700000047684,545.9878889979086,743.3488675488566,480,673.2372131652586,0,0.01775853859601284
12.040899999976158,549.7621729155774,743.361467638116,480,673.254360281622,0,0.017147116363389614
12.057300000071525,553.5672509388426,743.3736235924329,480,673.2709111005124,0,0.016550818890436858
12.074,557.4029153217843,743.3853476797748,480,673.2868807477199,0,0.015969647207498383
12.090700000047685,561.2228933183794,743.3965230509318,480,673.3020964070108,0,0.015215659290902295
12.107399999976158,565.0729283203734,743.4073013924843,480,673.3167777834842,0,0.014681376473390628
12.124700000047683,569.068395030616,743.4179896037726,480,673.3313709190427,0,0.014593135558470749
12.141100000023842,572.8623088193481,743.4277106599123,480,673.344591028577,0,0.013220109534358926
12.157800000071525,576.7550151409541,743.4372551074836,480,673.357594046293,0,0.013003017715959686
12.174300000071526,580.5608380486993,743.4461942536535,480,673.3697521072916,0,0.01215806099855854
12.191200000047683,584.465237128829,743.4549709967076,480,673.3817103843487,0,0.011958277057146915
12.207200000047683,588.2587266539787,743.463143066626,480,673.392821629184,0,0.011111244835319667
12.224800000071525,592.1971803490403,743.4712618956329,480.3100169043206,673.4038893636052,0.31001690432060514,0.011067734421203568
12.241600000023842,596.0940523872509,743.4789532844062,481.117180196806,673.4143645485586,0.8071632924853702,0.010475184953406824
12.257800000071526,599.9723733699853,743.4862846972273,482.34606355962023,673.4243452991105,1.2288833628142584,0.009980750551903839
12.274399999976158,603.9254723449168,743.4934367137982,483.97989050834946,673.4340939328565,1.6338269487292223,0.009748633745971347
12.291300000071526,607.7893731783561,743.5001344299217,485.8855990177895,673.4432075209779,1.9057085094400463,0.009113588121408611
12.307300000071525,611.6574621178306,743.5065587581445,488.06211601250305,673.4519499912526,2.176516994713552,0.008742470274683
12.324399999976158,615.6469183254701,743.512899575273,490.5568768085353,673.460596925693,2.494760796032267,0.008646934440434961
12.340700000047685,619.4524102078233,743.5186997540394,493.12042339430127,673.4684797043415,2.5635465857659483,0.007882778648422573
12.357800000071526,623.449639061385,743.524530549617,496.0045348763466,673.4764316533534,2.8841114820453413,0.00795194901195373
12.373899999976159,627.309311908251,743.5299273135096,498.928058267882,673.4837725334564,2.9235233915354115,0.007340880103015479
12.391200000047684,631.3372434178189,743.5353165658537,502.1245548023113,673.4911248900828,3.1964965344292864,0.007352356626370238
12.4075,635.1563833075971,743.5402174843624,505.24927026183315,673.4977852552491,3.1247154595218376,0.006660365166339943
12.424700000047684,639.190922525426,743.5451720024229,508.6643613495741,673.5045446073677,3.4150910877409615,0.0067593521185926875
12.440700000047684,643.0160713822467,743.549677579025,511.96814440732953,673.5106677727186,3.3037830577554246,0.0061231653509139505
12.457800000071526,647.0094363468762,743.5541814328691,515.5014109462721,673.5168074463332,3.5332665389425983,0.006139673614597996
12.474600000023841,650.9346872185704,743.5584236897803,519.0309251490282,673.5225827589882,3.529514202756104,0.005775312654918707
12.491399999976158,654.8862550455685,743.5625152311975,522.6390415357924,673.5281553433613,3.608116386764209,0.005572584373112477
12.507600000023842,658.7930400963018,743.5663927633672,526.2482931496055,673.5334321070479,3.6092516138130577,0.005276763686651975
12.524399999976158,662.7970047449174,743.5701983392906,529.9942530049603,673.5386197346855,3.7459598553548403,0.005187627637610603
12.540899999976158,666.7085402334754,743.5737621827142,533.6808244509407,673.5434693922615,3.6865714459803485,0.004849657575960009
12.558,670.7171671649604,743.5772598910847,537.4955878935557,673.5482371510143,3.8147634426150034,0.004767758752791451
12.5745,674.6805179579726,743.5805734520516,541.2892502459973,673.5527496882021,3.793662352441629,0.0045125371877929865
12.591700000047684,678.717149423205,743.5838047718805,545.1804539323969,673.5571554815627,3.8912036863995354,0.004405793360660937
12.607899999976159,682.6132918374066,743.5867955593206,548.9448933908058,673.5612228069575,3.7644394584089014,0.004067325394771615
12.624,686.487574464419,743.5896482170795,552.7030094723709,673.5651013687656,3.758116081565163,0.0038785618080510176
12.641399999976159,690.5538309418064,743.5925143809422,556.6757132414908,673.5690116224332,3.972703769119903,0.003910253667640973
12.657899999976157,694.4553839468105,743.5951516803028,560.4877464298473,673.5725986616462,3.8120331883565086,0.0035870392130163964
12.673899999976157,698.3586173556353,743.5976819691734,564.3122944629944,673.5760406895155,3.824548033147039,0.003442027869255071
12.691200000047683,702.4538451861001,743.6002228708038,568.348173376627,673.5795087413122,4.035878913632587,0.0034680517967444757
12.707600000023842,706.3125314781634,743.602520100794,572.1420824036684,673.5826306797507,3.7939090270414226,0.0031219384384257864
12.724800000071525,710.4346764967804,743.6048684302339,576.2214247149346,673.585837009865,4.0793423112662595,0.003206330114380762
12.741300000071526,714.3914536561871,743.6070292189409,580.1307329839796,673.5887779680853,3.9093082690449137,0.0029409582202788442
12.757600000023842,718.2542675015184,743.6090533996688,583.9462373875132,673.591528724696,3.815504403533623,0.0027507566106805825
12.774700000047684,722.3567953186689,743.6111111650938,588.0206955723902,673.5943371114497,4.074458184877017,0.002808386753713421
12.790899999976158,726.2220815310682,743.6129715914835,591.8467620379685,673.5968652410695,3.826066465578265,0.002528129619804531
12.807300000071525,730.1601569428005,743.6147891249057,595.7540103318141,673.5993387369103,3.9072482938456687,0.0024734958408316743
12.824399999976158,734.2186898549073,743.6165830318565,599.7923023343048,673.6017851898315,4.038292002490721,0.002446452921162745
12.840600000023842,738.1351034201231,743.6182434042929,603.6816104379263,673.6040436492789,3.889308103621488,0.0022584594473755715
12.857300000071525,742.1003400411091,743.6198550183577,607.6254322517112,673.6062378790403,3.9438218137848935,0.0021942297614714334
12.874300000071525,746.2098568302259,743.6214538935182,611.7248252649053,673.6084200612728,4.099393013194117,0.0021821822324454843
12.891100000023842,750.1531151106007,743.6229250912193,615.6479290597663,673.6104217553014,3.9231037948609355,0.002001694028649581
12.907399999976159,754.0734327373084,743.6243280393581,619.5485859309001,673.61233002905,3.900656871133833,0.0019082737485405232
12.9245,758.1380323394325,743.6257211936601,623.6045786461368,673.6142298372985,4.055992715236698,0.0018998082484813494
12.941300000071525,762.1317583265936,743.6270332375796,627.5855521972424,673.616016554333,3.980973551105535,0.0017867170345198247
12.9585,766.1741090497959,743.6283055120925,631.6193293508989,673.6177504969488,4.0337771536565015,0.0017339426158287097
12.975,770.0976837323421,743.629490049135,635.5272385987594,673.619361443422,3.907909247860516,0.0016109464731925982
12.991100000023842,773.9981316668888,743.6306198782696,639.4120064181992,673.6208976230314,3.884767819439844,0.001536179609388455
13.007899999976159,778.0667623667766,743.6317487032621,643.4772646160505,673.6224370688024,4.065258197851335,0.0015394457709589915
13.024399999976158,781.9925220625097,743.6327935009882,647.3902378443335,673.623858218233,3.912973228282908,0.0014211494305982342
13.040899999976158,785.9907548859745,743.6338134687486,651.3814456386568,673.625247475406,3.9912077943233726,0.0013892571730593772
13.057300000071525,789.9417641071476,743.6347800868027,655.3227693825169,673.6265629757104,3.941323743860039,0.001315500304372108
13.075100000023841,794.1805624838169,743.6357716694487,659.5723536106657,673.6279190433603,4.249584228148819,0.0013560676499082547
13.090700000047685,797.9171694051082,743.6366118419309,663.2852251118832,673.6290577081628,3.712871501217478,0.0011386648025109025
13.1075,801.9417495597328,743.6374790534707,667.3064305182254,673.6302394271581,4.021205406342233,0.0011817189953262641
13.1245,806.0147294396344,743.6383197073428,671.3792848725274,673.6313857787558,4.072854354301967,0.001146351597640205
13.140700000047683,809.9205692579236,743.6390932357501,675.2736573757203,673.6324374381059,3.894372503192926,0.0010516593500824456
13.158,813.9945870494874,743.6398660766798,679.3483036583731,673.633491341127,4.074646282652793,0.0010539030211020872
13.174700000047684,818.0211319874328,743.6405980957352,683.3717968946783,673.6344885911635,4.023493236305171,0.0009972500365620363
13.191,821.9762585489246,743.6412876969753,687.319212397856,673.6354268677168,3.9474155031776945,0.0009382765532564008
13.207899999976158,826.0037138115532,743.6419606663221,691.3443436510511,673.6363437181298,4.025131253195127,0.0009168504129775101
13.224600000023841,829.9836554470063,743.642598320755,695.3187768565396,673.6372117033851,3.974433205488481,0.0008679852553541423
13.241,833.9640116021753,743.6432097928985,699.2940320219988,673.6380440909195,3.9752551654592025,0.0008323875343876352
13.258,837.992688224438,743.6438029227502,703.3211495353602,673.6388521946982,4.027117513361418,0.0008081037786951129
13.275,842.0217140779847,743.6443714112637,707.3485348351343,673.6396266746436,4.027385299774096,0.0007744799454485474
13.290899999976158,845.8833088253059,743.6448945032145,711.1976247499477,673.6403372583627,3.849089914813476,0.000710583719069291
13.307899999976158,849.9610483563276,743.6454236225259,715.2782996586416,673.6410588622615,4.0806749086938225,0.0007216038987962747
13.324700000047685,853.9192094487036,743.6459162170955,719.2307450043005,673.6417291771937,3.95244534565893,0.000670314932222027
13.340899999976157,857.8777111244925,743.6463887049016,723.1840261234739,673.642372191984,3.9532811191734254,0.0006430147902847239
13.358200000047685,861.9803763797229,743.6468576754933,727.2916022438204,673.6430120114329,4.1075761203464936,0.0006398194489065645
13.374600000023841,865.9394065609184,743.6472917201642,731.2449990341609,673.6436026112071,3.9533967903404346,0.0005905997742274849
13.391200000047684,869.9706712952396,743.6477152964887,735.2759075557888,673.6441797206999,4.030908521627907,0.0005771094927240483
13.407399999976159,873.8583063350208,743.6481073699696,739.1536658204088,673.6447125827082,3.87775826462007,0.000532862008299162
13.425,877.9860671736286,743.6485059486347,743.2886220563248,673.6452566026773,4.134956235915979,0.0005440199690838199
13.4415,881.8981490559858,743.6488684365834,747.1923060592014,673.6457494265621,3.9036840028766164,0.0004928238848833644
13.457399999976158,885.8584940824821,743.649220394629,751.1482398008633,673.6462284201305,3.955933741661852,0.0004789935683220392
13.474600000023841,889.9150247822095,743.6495658213089,755.2071645182035,673.646699319473,4.058924717340233,0.0004708993425310837
13.491,893.8757872943044,743.6498893062759,759.1634342557371,673.647139537629,3.956269737533603,0.00044021815597261593
13.507399999976158,897.8847569370789,743.6502031895923,763.1715005009085,673.6475670708647,4.008066245171335,0.00042753323577926494
13.524200000047683,901.869929080188,743.6505023823959,767.1541376642406,673.6479744200252,3.9826371633321287,0.00040734916046858416
13.541100000023842,905.8792893438317,743.6507909457179,771.1627382468732,673.6483674667411,4.008600582632653,0.000393046715885248
13.557899999976158,909.9847757381821,743.6510739308426,775.2739784521607,673.6487535228633,4.111240205287459,0.0003860561222381875
13.574200000047684,913.8744430677633,743.6513312739669,779.154187698829,673.6491032449326,3.8802092466683007,0.0003497220692452174
13.591399999976158,917.9323018357877,743.651588518693,783.214710932992,673.6494539111297,4.060523234163043,0.00035066619716417335
13.6075,921.9183005231639,743.6518308218972,787.1980643179014,673.6497837679765,3.9833533849093783,0.0003298568467471341
13.624600000023841,925.9764423795582,743.6520671960549,791.2586247912095,673.6501059542296,4.060560473308101,0.00032218625312907534
13.640800000071525,929.8907242603799,743.6522859829278,795.165388739733,673.6504034125957,3.906763948523462,0.0002974583660488861
13.657899999976157,933.9731766115466,743.6525045753526,799.2523576191055,673.6507015051405,4.0869688793725345,0.00029809254488100123
13.6745,937.983715948668,743.6527104411791,803.2618243409655,673.650981852561,4.009466721860008,0.0002803474204711165
13.691300000071525,941.9703843205592,743.6529066719777,807.2458674938729,673.6512489702299,3.984043152907361,0.0002671176688409105
13.707800000071526,945.9331938789776,743.6530937591506,811.2047183293149,673.6515035510877,3.9588508354420355,0.00025458085781338013
13.724100000023842,949.9201522865266,743.6532742517707,815.1897154215171,673.6517492808608,3.9849970922022067,0.0002457297731552899
13.7415,953.9792303791891,743.6534503278208,819.251847284278,673.6519892945279,4.062131862760907,0.00024001366705306282
13.758100000023841,958.0383719246603,743.6536190462438,823.3135572204048,673.6522192486061,4.061709936126817,0.00022995407823600544
13.774899999976158,962.025578882038,743.65377796501,827.2980807697736,673.6524355601669,3.9845235493687596,0.00021631156073453894
13.790600000023842,965.8928966946995,743.6539259551297,831.1552698132365,673.6526366013323,3.8571890434628813,0.00020104116549646278
13.807800000071525,970.000424051841,743.6540764930094,835.2698074433135,673.6528419907173,4.114537630077052,0.00020538938497338677
13.824,973.9399524378748,743.6542150103703,839.2040349362741,673.6530304017515,3.934227492960531,0.0001884110341734413
13.841600000023842,978.0956261018475,743.6543548820918,843.3697431033528,673.6532213707618,4.165708167078719,0.00019096901030479785
13.8575,981.7868021182862,743.654479119745,847.18081888138,673.6533900503103,3.8110757780272024,0.00016867954855115386
13.874,985.4803424580106,743.6546034369767,851.1300229782937,673.653559378659,3.949204096913718,0.00016932834864746837
13.890800000071525,989.0010160060726,743.6547219358555,854.997832405725,673.6537207130499,3.8678094274313253,0.00016133439089571766
13.907800000071525,992.4160801300817,743.6548368801309,858.845277554988,673.6538773383626,3.847445149262967,0.00015662531268390012
13.923899999976157,995.6332538322404,743.6549451638076,862.5420180891657,673.6540246982663,3.6967405341777066,0.00014735990373537788
13.940600000023842,998.7370268093717,743.6550496306413,866.1772420504604,673.6541669337115,3.6352239612947415,0.00014223544519609277
13.957200000047683,1001.730531434789,743.6551503860612,869.7432086241711,673.6543041746809,3.565966573710625,0.0001372409693658483
13.973800000071526,1004.6003968877633,743.6552469800321,873.2120341491844,673.6544357433536,3.468825525013358,0.00013156867271391093
13.990899999976158,1007.2135950573871,743.6553406461401,876.5985971206188,673.6545634229775,3.386562971434387,0.00012767962391535548
14.007399999976158,1009.4865951876104,743.6554278529286,879.7393761878704,673.6546820433779,3.1407790672516285,0.00011862040037158295
14.024,1011.5398065998742,743.655512987219,882.78163055178,673.6547980017548,3.042254363909592,0.00011595837690947519
14.040700000047684,1013.3424451702837,743.6555946052518,885.650896287205,673.6549091679299,2.8692657354249604,0.0001111661750883286
14.057700000047683,1014.9048601792573,743.6556728522572,888.3377907459903,673.6550157402284,2.686894458785332,0.00010657229847765848
14.074100000023842,1016.23031815396,743.6557474371099,890.8208341782837,673.6551172817879,2.483043432293357,0.00010154155950203858
14.091100000023841,1017.34829748722,743.6558197846454,893.1400381324116,673.655215859977,2.319203954127943,0.00009857818918135308
14.108,1018.2562580853786,743.6558895216654,895.2729006973327,673.6553109120338,2.1328625649210835,0.00009505205673576711
14.124600000023841,1018.9476495299112,743.6559552081562,897.1706200358465,673.6554003245142,1.8977193385137525,0.00008941248040628125
14.141800000071525,1019.4542932653682,743.6560196502179,898.9133081740966,673.6554881884241,1.7426881382501733,0.00008786390992554516
14.157700000047683,1019.7615494554009,743.6560785977431,900.3850830803981,673.6555682889305,1.471774906301448,0.00008010050635220978
14.174800000071526,1019.8990094659438,743.6561375227288,901.7274753911928,673.6556486064611,1.3423923107947076,0.00008031753066006786
14.191,1019.8681580795763,743.6561920634348,902.8382470856538,673.6557227595324,1.1107716944610502,0.00007415307129576831
14.207899999976158,1019.6656848025273,743.6562465556673,903.8068575738621,673.6557970706358,0.9686104882082418,0.00007431110338984581
14.224800000071525,1019.3092295427305,743.6562978753252,904.5747146674048,673.655866958029,0.767857093542716,0.0000698873932378774
14.241100000023842,1018.8017266566637,743.656347075354,905.1645950242413,673.6559339584965,0.5898803568364883,0.00006700046742480481
14.2575,1018.168274813715,743.6563931600638,905.5744381070742,673.6559966151707,0.4098430828329356,0.00006265667423122068
14.274700000047684,1017.3637366445741,743.6564392038156,905.8282863883518,673.6560594053449,0.25384828127755554,0.00006279017418364674
14.291100000023842,1016.4653563704588,743.6564815710144,905.9152126733579,673.6561170085821,0.08692628500614319,0.00005760323722370231
14.307899999976158,1015.3961252267603,743.6565239005593,905.9152126733579,673.6561747344601,0,0.00005772587803676288
14.325,1014.1924365560096,743.6565646792826,905.9152126733579,673.656230357066,0,0.00005562260582792078
14.341200000047683,1012.9332546411442,743.6566019824311,905.9152126733579,673.6562810642305,0,0.000050707164518826175
14.358,1011.5216454213988,743.6566388325655,905.9152126733579,673.6563312678051,0,0.0000502035745739704
14.374399999976157,1010.0492051630932,743.6566731439123,905.9152126733579,673.6563779157727,0,0.00004664796767883672
14.391,1008.4576326723836,743.6567064585496,905.9152126733579,673.6564232546735,0,0.00004533890080438141
14.408399999976158,1006.6934478827916,743.6567397101644,905.9152126733579,673.6564686386702,0,0.00004538399662123993
14.424200000047684,1004.9309236880063,743.6567699508942,905.9152126733579,673.6565097518178,0,0.00004111314763122209
14.441200000047683,1003.0339602973099,743.6567996540596,905.9152126733579,673.6565502077328,0,0.00004045591504109325
14.4585,1000.9876374750501,743.6568289459808,905.9152126733579,673.6565901825668,0,0.000039974833953237976
14.474200000047684,999.0070398616681,743.6568551150838,905.9152126733579,673.6566257132632,0,0.00003553069643658091
14.490800000071525,996.8727112790903,743.6568811507223,905.9152126733579,673.65666116171,0,0.00003544844673797343
14.507800000071526,994.5934016041364,743.6569068368769,905.9152126733579,673.6566962053679,0,0.00003504365793105535
14.5245,992.3077588888119,743.6569307481316,905.9152126733579,673.6567287541441,0,0.00003254877617564489
14.541,989.9667135148121,743.6569535452109,905.9152126733579,673.6567597753096,0,0.000031021165568745346
14.557700000047683,987.5293847174127,743.6569756656294,905.9152126733579,673.6567899028463,0,0.000030127536660984333
14.574600000023842,984.9962551772406,743.656997115555,905.9152126733579,673.6568191400651,0,0.000029237218768685125
14.591399999976158,982.5092079619193,743.6570168526922,905.9152126733579,673.656845963628,0,0.000026823562961908465
14.607700000047684,979.8373833145461,743.6570366940138,905.9152126733579,673.656873022601,0,0.000027058972932536562
14.624200000047683,977.2044544801857,743.6570550583907,905.9152126733579,673.6568980022518,0,0.000024979650788736762
14.641700000047683,974.3681557130463,743.6570736023262,905.9152126733579,673.656923320991,0,0.00002531873929001449
14.657700000047683,971.6624901319309,743.6570902709935,905.9152126733579,673.6569459710057,0,0.000022650014670944074
14.674800000071526,968.7881803959491,743.6571069332874,905.9152126733579,673.6569686823996,0,0.00002271139385356946
14.691600000023842,965.9169867699096,743.6571226277866,905.9152126733579,673.656990046239,0,0.000021363839437071874
14.707399999976158,963.0533106441294,743.6571374170775,905.9152126733579,673.6570101545472,0,0.000020108308149247023
14.724200000047684,960.0747695787226,743.6571519434715,905.9152126733579,673.6570299412195,0,0.000019786672396548965
14.740800000071525,957.0717994157818,743.6571657899946,905.9152126733579,673.6570487936935,0,0.00001885247399968648
14.757300000071526,954.0282999806715,743.657179067975,905.9152126733579,673.6570668725648,0,0.00001807887122140528
14.774200000047683,950.9271574339137,743.6571918742259,905.9152126733579,673.6570843165713,0,0.000017444006516598165
14.791300000071526,947.7313345823738,743.6572043626312,905.9152126733579,673.6571013475392,0,0.00001703096791061398
14.808200000047684,944.5365978544785,743.6572161913923,905.9152126733579,673.6571174629172,0,0.000016115378002723446
14.824899999976157,941.3844798546203,743.6572272699825,905.9152126733579,673.6571325310648,0,0.000015068147604324622
14.841100000023841,938.161094553123,743.6572380232398,905.9152126733579,673.6571471707882,0,0.000014639723417531059
14.857700000047684,934.9062302935837,743.657248334965,905.9152126733579,673.6571612098918,0,0.000014039103575669287
14.8745,931.5613323467999,743.6572583943671,905.9152126733579,673.6571749223893,0,0.000013712497548112879
14.890800000071525,928.2871133187668,743.6572677600617,905.9152126733579,673.6571876619316,0,0.000012739542285089556
14.908399999976158,924.8032541096902,743.6572772173298,905.9152126733579,673.6572005743964,0,0.000012912464740111318
14.9245,921.4746534688816,743.6572858188283,905.9152126733579,673.657212271965,0,0.000011697568652380141
14.9415,918.018224029121,743.6572943121819,905.9152126733579,673.6572238476439,0,0.00001157567885456956
14.9575,914.7023201312966,743.6573020810565,905.9152126733579,673.6572344006428,0,0.000010552998901403043
14.974100000023842,911.2599860602277,743.6573097623018,905.9152126733579,673.6572448589905,0,0.000010458347674102697
14.991,907.7741783538997,743.6573171706536,905.9152126733579,673.6572549500974,0,0.000010091106901199964
15.008100000023841,904.2243503837097,743.657324354451,905.9152126733579,673.657264742886,0,0.000009792788659979124
15.024200000047683,900.759333535412,743.6573310428457,905.9152126733579,673.6572738408213,0,0.000009097935276258795
15.041399999976159,897.1041602718539,743.6573377592935,905.9152126733579,673.6572830075945,0,0.000009166773224933422
15.057700000047683,893.6433274568071,743.6573438316359,905.9152126733579,673.6572912595586,0,0.00000825196411824436
15.074,890.0788214032373,743.6573497984242,905.9152126733579,673.6572993833157,0,0.0000081237570839221
15.090899999976157,886.4535206531052,743.657355586227,905.9152126733579,673.6573072699473,0,0.000007886631578912784
15.107300000071525,882.854629965539,743.6573610703076,905.9152126733579,673.6573147361162,0,0.000007466168881364865
15.124600000023841,879.1522708902769,743.6573664504923,905.9152126733579,673.6573220728491,0,0.000007336732892326836
15.140700000047683,875.5874581346743,743.6573714010741,905.9152126733579,673.6573288035372,0,0.0000067306881419426645
15.157899999976157,871.8541643161084,743.6573763472561,905.9152126733579,673.6573355485779,0,0.000006745040650457668
15.174700000047684,868.1503461272976,743.6573810321781,905.9152126733579,673.6573419310301,0,0.000006382452284015017
15.191899999976158,864.3439259471095,743.6573856247365,905.9152126733579,673.6573481972985,0,0.000006266268314902845
15.2075,860.8799193065257,743.6573896291511,905.9152126733579,673.6573536244335,0,0.0000054271350791168516
15.224600000023841,857.047374042582,743.6573938565771,905.9152126733579,673.6573593942669,0,0.000005769833364865917
15.241,853.4037763954894,743.657397701216,905.9152126733579,673.657364621135,0,0.0000052268680974520976
15.257300000071526,849.6816472682495,743.6574014558477,905.9152126733579,673.6573697328886,0,0.0000051117535804223735
15.274100000023841,845.9485177595388,743.6574050563129,905.9152126733579,673.6573746349125,0,0.000004902023874819861
15.291399999976159,842.0918683188685,743.6574086084479,905.9152126733579,673.6573794809739,0,0.000004846061415264558
15.307399999976159,838.4058377745739,743.6574118578341,905.9152126733579,673.6573838986992,0,0.000004417725335770228
15.325,834.551433900296,743.6574151043325,905.9152126733579,673.6573883258511,0,0.000004427151907293592
15.341,830.8239544532659,743.6574181091686,905.9152126733579,673.6573924128325,0,0.000004086981334694428
15.357899999976159,826.973661238831,743.6574210762254,905.9152126733579,673.6573964571688,0,0.000004044336378683511
15.374300000071525,823.228899564888,743.6574238386708,905.9152126733579,673.6574002145637,0,0.00000375739489300031
15.391600000023843,819.3386303774579,743.6574265818317,905.9152126733579,673.6574039552954,0,0.000003740731699508615
15.408100000023842,815.4861283433573,743.6574291800973,905.9152126733579,673.6574074949469,0,0.000003539651515893638
15.424399999976158,811.7869611330169,743.6574315708788,905.9152126733579,673.6574107425782,0,0.0000032476312981088995
15.440700000047684,807.9426452782399,743.6574339483328,905.9152126733579,673.6574139809459,0,0.0000032383676398239913
15.4575,804.0913390984247,743.657436227592,905.9152126733579,673.6574170854698,0,0.0000031045238984006573
15.473899999976158,800.2564513796032,743.6574384001763,905.9152126733579,673.6574200434276,0,0.0000029579578040284105
15.491399999976158,796.2994096582729,743.6574405435973,905.9152126733579,673.6574229676179,0,0.0000029241903121146606
15.5075,792.5215432785272,743.6574425043343,905.4521566805829,673.6574256333441,-0.4630559927750255,0.0000026657262424123473
15.524300000071525,788.645062754182,743.657444430217,904.5022253805232,673.6574282564515,-0.9499313000596885,0.000002623107320687268
15.541300000071526,784.6698874101972,743.6574463188705,903.099718594257,673.6574308329155,-1.4025067862662581,0.000002576463998593681
15.5575,780.8754329384658,743.6574480465538,901.4317515439219,673.6574331816647,-1.6679670503350508,0.000002348749262637284
15.574700000047685,776.9127014991163,743.6574497727015,899.371929875031,673.6574355354397,-2.0598216688908906,0.0000023537750166724436
15.590800000071525,773.1316557457774,743.6574513516726,897.1686208487021,673.6574376812193,-2.2033090263289523,0.000002145779603779374
15.608,769.1356272860141,743.6574529479122,894.5963541177686,673.6574398588947,-2.5722667309335066,0.0000021776753555968753
15.624700000047683,765.3220970118733,743.6574544081042,891.9664396444357,673.6574418440906,-2.6299144733328603,0.000001985195922316052
15.641300000071526,761.2934545365031,743.6574558834163,889.001654032588,673.6574438575198,-2.964785611847674,0.0000020134291389695136
15.657899999976157,757.4715159942618,743.657457225141,886.0639313837328,673.6574456814915,-2.9377226488552424,0.0000018239717292090063
15.6745,753.5986957362582,743.6574585278901,882.9637290254682,673.6574474542944,-3.100202358264596,0.000001772802875166235
15.6915,749.6750580538071,743.6574597919711,879.713790397918,673.6574491760196,-3.2499386275501365,0.0000017217251979673165
15.707399999976158,745.7712241249541,743.65746099689,876.3911501369421,673.657450816466,-3.322640260975959,0.000001640446498640813
15.724399999976159,741.7932364937892,743.657462172325,872.9204432176282,673.6574524187506,-3.4707069193138977,0.0000016022845557017718
15.741,737.882469795299,743.6574632794876,869.4457873433238,673.6574539259542,-3.4746558743044034,0.0000015072035921548377
15.758,733.8977190361346,743.6574643595583,865.8410158681809,673.6574553981109,-3.604771475142911,0.0000014721566685693688
15.775,729.9333930151297,743.6574653886324,862.2055480265815,673.6574568000234,-3.635467841599393,0.000001401912527398963
15.791,726.1077182238321,743.6574663411708,858.6648698634946,673.6574580944656,-3.540678163086909,0.0000012944421996508026
15.807700000047683,722.1138275258222,743.6574672933449,854.9185811459542,673.6574593924055,-3.746288717540324,0.0000012979398889001459
15.824800000071525,718.1171494126697,743.6574682057309,851.1369630821749,673.6574606359446,-3.7816180637793195,0.0000012435391454346245
15.841399999976158,714.188777829756,743.6574690651228,847.3972167133392,673.6574618057076,-3.7397463688357675,0.0000011697629815898836
15.857700000047684,710.3288983896696,743.6574698749475,843.7038260037991,673.6574629067312,-3.69339070954004,0.000001101023599403561
15.8745,706.3244873089599,743.6574706794963,839.8406666467498,673.6574640034498,-3.8631593570493123,0.0000010967186199195567
15.890800000071525,702.4599383959948,743.6574714241832,836.1046485412827,673.6574650159866,-3.73601810546711,0.000001012536813504994
15.908,698.3797489843581,743.6574721765813,832.128523038984,673.6574660429128,-3.9761255022987143,0.0000010269261565554189
15.924300000071526,694.5346589316474,743.6574728568247,828.3848787276197,673.6574669673524,-3.743644311364278,9.244396323992987e-7
15.940800000071526,690.5925751024228,743.6574735252436,824.527989456956,673.6574678774267,-3.8568892706637143,9.10074277271633e-7
15.957899999976158,686.5297761946263,743.65747418469,820.534261391235,673.6574687771089,-3.9937280657210295,8.996821634355001e-7
15.9745,682.5838824306467,743.6574747985693,816.6554351457437,673.6574696127398,-3.8788262454912683,8.356308853763039e-7
15.990600000023841,678.7074914328437,743.6574753770418,812.842022194644,673.6574703992615,-3.8134129510997354,7.865216957725352e-7
16.007300000071524,674.7342376801179,743.6574759452313,808.9195753216655,673.6574711732027,-3.922446872978412,7.739412239970989e-7
16.02389999997616,670.7593190576298,743.6574764899532,804.9898060056943,673.6574719151563,-3.9297693159712708,7.419536132147186e-7
16.04089999997616,666.7828043286318,743.6574770121766,801.0535133581143,673.6574726264465,-3.9362926475799895,7.112902267181198e-7
16.05739999997616,662.8285681293404,743.6574775099588,797.1365840568947,673.6574733041581,-3.916929301219625,6.777115686418256e-7
16.074700000047685,658.7537799762034,743.6574780010591,793.0879970924748,673.6574739741346,-4.048586964419883,6.699765435769223e-7
16.09089999997616,654.8443765536804,743.6574784529448,789.2122989247271,673.6574745887342,-3.8756981677477143,6.145995712358854e-7
16.10760000002384,650.9097775418517,743.6574788890284,785.3065511768334,673.6574751821747,-3.905747747893656,5.934405180596514e-7
16.124600000023843,646.8546758392488,743.657479319443,781.2700757077027,673.6574757691301,-4.036475469130664,5.869553660886595e-7
16.14139999997616,642.8460478322517,743.6574797271231,777.2814952093665,673.6574763245325,-3.988580498336205,5.55402380086889e-7
16.15789999997616,638.9077999813716,743.6574801111797,773.3659254713568,673.6574768470897,-3.915569738009708,5.225572294875747e-7
16.174200000047684,635.0161223756867,743.6574804752785,769.4976800148493,673.6574773421452,-3.868245456507566,4.95055473948014e-7
16.19139999997616,630.9323885619056,743.657480841101,765.4230626415109,673.6574778412441,-4.074617373338356,4.990989737052587e-7
16.207300000071527,627.0386280707909,743.6574811757446,761.5500918242809,673.6574782962267,-3.872970817229998,4.5498256895371014e-7
16.22489999997616,622.9289245954366,743.6574815138531,757.4454294181833,673.6574787576778,-4.1046624060976455,4.6145112264639465e-7
16.241800000071525,618.9377257567704,743.6574818285742,753.4671737493768,673.6574791862221,-3.9782556688064687,4.2854424009419745e-7
16.2575,615.0889464420811,743.6574821198975,749.6392006045245,673.6574795819491,-3.827973144852308,3.957270564569626e-7
16.274899999976157,611.0002767369382,743.6574824162361,745.5540801380727,673.6574799862382,-4.085120466451826,4.0428903957945295e-7
16.290800000071524,607.1259022936669,743.6574826857227,741.6972449425487,673.6574803524758,-3.856835195524013,3.662376002466772e-7
16.307800000071527,603.0594272758505,743.657482956632,737.6343897834596,673.6574807219281,-4.062855159089054,3.694523229569313e-7
16.324,599.1356627979249,743.6574832073752,733.7236849285617,673.6574810629907,-3.9107048548978582,3.410625595279271e-7
16.341300000071527,595.0915524090127,743.6574834549659,729.6837593522723,673.6574814004927,-4.03992557628942,3.375020014573238e-7
16.35789999997616,591.118503554897,743.6574836881758,725.7196033008555,673.6574817179669,-3.9641560514168077,3.174742460032576e-7
16.375100000023842,587.0490747331305,743.6574839169675,721.6521074371379,673.6574820299397,-4.067495863717568,3.1197282623907086e-7
16.391200000047682,583.1225763259674,743.6574841287286,717.7371755217206,673.6574823179436,-3.9149319154173554,2.880038891817094e-7
16.407800000071525,579.1714801309907,743.6574843330845,713.7951097626302,673.6574825960331,-3.942065759090383,2.780894874376827e-7
16.425100000023843,575.0283057243952,743.6574845381879,709.6473939156186,673.657482876061,-4.147715847011568,2.8002784802083625e-7
16.440899999976157,571.2197362419616,743.6574847192728,705.8570603441707,673.6574831218212,-3.7903335714479454,2.45760247707949e-7
16.457700000047684,567.1950500206646,743.6574849026592,701.8350851364212,673.657483371716,-4.021975207749506,2.4989481062220875e-7
16.474200000047684,563.2177321176118,743.657485076422,697.8636992699775,673.6574836082873,-3.971385866443711,2.3657128167542396e-7
16.491300000071526,559.1201720929984,743.6574852478524,693.7636579523771,673.6574838421585,-4.100041317600358,2.3387121927953558e-7
16.5075,555.2377129046722,743.657485403749,689.89355873435,673.6574840540186,-3.8700992180271214,2.1186008325457806e-7
16.524800000071526,551.1391618883071,743.6574855613507,685.7919669427256,673.6574842690278,-4.101591791624401,2.1500920865946682e-7
16.541100000023842,547.2078930781108,743.6574857063678,681.8695504610396,673.6574844662651,-3.922416481686014,1.9723734112631064e-7
16.558300000071526,543.2042820661223,743.6574858479385,677.8693066025953,673.6574846590779,-4.000243858444264,1.9281276308902306e-7
16.574600000023842,539.22421775667,743.6574859828834,673.8940716844328,673.6574848427896,-3.9752349181625277,1.8371167698205682e-7
16.591,535.1958242256468,743.6574861137801,669.8670115277195,673.6574850211404,-4.027060156713333,1.78350774149294e-7
16.6075,531.262919285199,743.6574862363758,665.9418480472744,673.6574851878996,-3.9251634804450077,1.6675926417519804e-7
16.624600000023843,527.161857610989,743.6574863588007,661.8366055284163,673.6574853549196,-4.1052425188581765,1.670199480940937e-7
16.64139999997616,523.1324132943522,743.657486474081,657.8087111755486,673.6574855119651,-4.027894352867634,1.5704551969975e-7
16.657399999976157,519.2704335002462,743.6574865801554,653.9591486444418,673.6574856560545,-3.8495625311068125,1.4408942661248147e-7
16.674200000047684,515.2881830370708,743.6574866850335,649.9803226672256,673.6574857988516,-3.9788259772162746,1.4279703464126214e-7
16.691,511.25766893023996,743.6574867867656,645.9498377177387,673.6574859374798,-4.03048494948689,1.386282519888482e-7
16.707399999976158,507.2748289672869,743.6574868831591,641.9704506515461,673.6574860687168,-3.979387066192544,1.3123701592121506e-7
16.724100000023842,503.2437430438673,743.6574869766611,637.9393968456797,673.6574861961234,-4.031053805866463,1.2740656529786065e-7
16.74110000002384,499.1884320618652,743.6574870667893,633.8827043204617,673.6574863189722,-4.056692525217954,1.2284885997360107e-7
16.757899999976157,495.25279087443016,743.6574871507021,629.9539975552243,673.6574864331054,-3.9287067652373935,1.141331722465111e-7
16.774700000047684,491.17297468378246,743.6574872340292,625.8708258339002,673.6574865467327,-4.083171721324106,1.136272658186499e-7
16.791100000023842,487.26084442808656,743.6574873107027,621.9670798286693,673.6574866509741,-3.9037460052309143,1.04241394183191e-7
16.807899999976158,483.2045229450385,743.6574873868765,617.9087516858276,673.6574867548081,-4.058328142841674,1.0383405424363445e-7
16.824200000047682,479.2679409418391,743.6574874577975,613.9785495514805,673.657486851275,-3.930202134347155,9.646691978559829e-8
16.841200000047685,475.16320732283816,743.6574875286195,609.8682643735066,673.657486947893,-4.1102851779738785,9.66178959060926e-8
16.85739999997616,471.2742245577219,743.6574875930244,605.988926775883,673.6574870354176,-3.8793375976235893,8.752465419092914e-8
16.874899999976158,467.0971251841112,743.6574876592255,601.8009448229677,673.657487125841,-4.1879819529152655,9.04234411791549e-8
16.8915,463.1838374614047,743.6574877187403,597.8962265024844,673.6574872067404,-3.904718320483312,8.089932634902652e-8
16.90760000002384,459.27030228893517,743.6574877758546,593.9903051490367,673.6574872843943,-3.905921353447752,7.765390819258755e-8
16.92410000002384,455.2605646424502,743.6574878319536,589.9810641946925,673.6574873608063,-4.009240954344136,7.641199317731662e-8
16.940899999976157,451.2506690015852,743.6574878857358,585.9717318787144,673.6574874340603,-4.009332315978099,7.325400019908557e-8
16.958,447.1206677519612,743.6574879387732,581.8340991487092,673.657487506443,-4.13763273000518,7.23827042747871e-8
16.974300000071526,443.23054280032983,743.6574879867244,577.9534704483617,673.6574875716025,-3.880628700347529,6.51594973533065e-8
16.991300000071526,439.36393849530674,743.6574880343856,573.941665713854,673.6574876365422,-4.0118047345076775,6.493974069599062e-8
17.00810000002384,435.63685283952566,743.6574880803272,569.9479241584526,673.6574876991592,-3.9937415554014706,6.261700491450028e-8
17.024,432.2276856973874,743.65748812235,566.2087079188759,673.6574877562439,-3.739216239576649,5.7084662330453284e-8
17.0415,428.7792362077305,743.6574881648569,562.3172811366492,673.6574878142139,-3.8914267822267448,5.797005542262923e-8
17.058399999976157,425.45712706103603,743.6574882058063,558.4858883911094,673.6574878700716,-3.8313927455398016,5.585764029092388e-8
17.074600000023842,422.4002898571888,743.6574882434861,554.9063222974618,673.657487921313,-3.5795660936475997,5.1241386245237663e-8
17.090800000071525,419.48463284650956,743.6574882794255,551.4376091503707,673.6574879701764,-3.46871314709108,4.886339866061462e-8
17.108200000047685,416.58797129702344,743.6574883151308,547.931384545664,673.6574880188487,-3.5062246047067447,4.8672291086404584e-8
17.124600000023843,414.02338843751505,743.6574883487623,544.6135417746541,673.6574880646326,-3.3178427710098504,4.578396328724921e-8
17.14139999997616,411.7034541710585,743.657488381385,541.3987008298282,673.6574881090806,-3.214840944825937,4.44480292571825e-8
17.157800000071525,409.66909353834023,743.6574884122957,538.3831649336856,673.6574881511594,-3.0155358961425236,4.207879555906402e-8
17.174300000071526,407.89143166099564,743.6574884417661,535.5553058889903,673.6574881912632,-2.8278590446952876,4.0103714127326384e-8
17.190800000071526,406.3402619574141,743.6574884701977,532.8887296391604,673.6574882299724,-2.6665762498299728,3.870923137583304e-8
17.207300000071527,405.0166159250448,743.6574884974617,530.4085191262916,673.6574882670933,-2.48021051286878,3.7120912566024344e-8
17.224399999976157,403.90576543845464,743.6574885237573,528.1055565941531,673.6574883029108,-2.3029625321385083,3.5817492971546017e-8
17.241700000047683,402.99413508639174,743.6574885494002,525.9616950210217,673.6574883378803,-2.143861573131403,3.496950284898048e-8
17.25739999997616,402.3103534831989,743.6574885731344,524.088405464792,673.6574883701628,-1.873289556229679,3.228251443943009e-8
17.274700000047684,401.801154402489,743.6574885968355,522.3357243576693,673.6574884024959,-1.7526811071227257,3.233310508221621e-8
17.291100000023842,401.49428462211404,743.657488618389,520.864872213325,673.657488431786,-1.470852144344235,2.929004949692171e-8
17.307800000071527,401.356779337133,743.6574886396901,519.5380159770773,673.6574884607991,-1.3268562362477496,2.9013108360231854e-8
17.324300000071524,401.3895417992519,743.6574886599942,518.407207856507,673.6574884884425,-1.1308081205703502,2.7643409339361824e-8
17.341,401.58691041635325,743.6574886795771,517.4554340034988,673.6574885151153,-0.9517738530081488,2.6672864805732388e-8
17.358,401.9510297404957,743.6574886986738,516.674522639444,673.6574885411568,-0.7809113640547594,2.6041448109026533e-8
17.374700000047685,402.45581464406695,743.6574887165555,516.0890695649936,673.6574885654978,-0.58545307445047,2.4341034077224322e-8
17.391300000071524,403.11317650802107,743.6574887339009,515.6714795927284,673.6574885891289,-0.4175899722652048,2.363105977565283e-8
17.407399999976157,403.88333323252346,743.6574887500511,515.4274923942955,673.6574886110863,-0.24398719843281924,2.19573621507152e-8
17.42439999997616,404.81185604264965,743.6574887660053,515.3411036827097,673.6574886328251,-0.0863887115858688,2.1738856048614252e-8
17.440700000047684,405.8484794790449,743.657488781035,515.3411036827097,673.657488653278,0,2.0452944227145053e-8
17.457800000071526,407.0278204571767,743.6574887957021,515.3411036827097,673.6574886732636,0,1.998557763727149e-8
17.474100000023842,408.3007280700411,743.6574888095194,515.3411036827097,673.6574886920669,0,1.8803234524966683e-8
17.491300000071526,409.7287382188301,743.657488823157,515.3411036827097,673.6574887106647,0,1.8597802409203723e-8
17.507300000071524,411.20080678897506,743.6574888357057,515.3411036827097,673.6574887277261,0,1.7061438484233804e-8
17.5245,412.8329635513365,743.6574888481728,515.3411036827097,673.6574887447208,0,1.6994704310491215e-8
17.541200000047684,414.52334983479903,743.657488859848,515.3411036827097,673.6574887606083,0,1.5887508197920397e-8
17.558200000047684,416.38616148732075,743.6574888715008,515.3411036827097,673.6574887765119,0,1.5903538042039145e-8
17.5745,418.262124262766,743.6574888822233,515.3411036827097,673.6574887911,0,1.4588181329600047e-8
17.591100000023843,420.2110492081119,743.6574888924482,515.3411036827097,673.6574888050075,0,1.390742454532301e-8
17.608200000047685,422.31801821865514,743.6574889026018,515.3411036827097,673.6574888188532,0,1.3845692592440173e-8
17.6245,424.4414497221403,743.6574889120545,515.3411036827097,673.6574888317149,0,1.2861733011959586e-8
17.64139999997616,426.6813869880634,743.6574889212792,515.3411036827097,673.657488844283,0,1.2568079910124652e-8
17.658,428.9676128853027,743.6574889300199,515.3411036827097,673.6574888561812,0,1.189823706226889e-8
17.6745,431.3237977971356,743.6574889384017,515.3411036827097,673.6574888675914,0,1.1410179467929993e-8
17.69110000002384,433.76204417857764,743.6574889464856,515.3411036827097,673.657488878601,0,1.100966073863674e-8
17.7075,436.21932219771907,743.6574889541023,515.3411036827097,673.6574888889617,0,1.0360622582084034e-8
17.724200000047684,438.768272136914,743.6574889614953,515.3411036827097,673.6574888990276,0,1.0065946298709605e-8
17.740800000071527,441.3924351447594,743.6574889686258,515.3411036827097,673.6574889087401,0,9.7124939202331e-9
17.757899999976157,444.1067357574412,743.6574889755399,515.3411036827097,673.6574889181654,0,9.425320968148299e-9
17.774300000071527,446.81052745492036,743.6574889820149,515.3411036827097,673.6574889269766,0,8.811184670776129e-9
17.791700000047683,449.5998355733269,743.6574889882976,515.3411036827097,673.6574889355339,0,8.55732196214376e-9
17.807899999976158,452.47427557765707,743.65748899439,515.3411036827097,673.6574889438384,0,8.304482435050886e-9
17.824200000047682,455.292928270001,743.6574890000292,515.3411036827097,673.6574889515055,0,7.667040335945785e-9
17.841399999976158,458.262896179434,743.6574890056315,515.3411036827097,673.6574889591425,0,7.637027010787278e-9
17.857800000071524,461.22419187394183,743.6574890109083,515.3411036827097,673.6574889663264,0,7.183871275628917e-9
17.87439999997616,464.24605114852295,743.6574890159977,515.3411036827097,673.657488973258,0,6.931600182724651e-9
17.891200000047682,467.3088702466638,743.6574890208768,515.3411036827097,673.6574889799032,0,6.6452230385039e-9
17.90760000002384,470.35461384050177,743.657489025474,515.3411036827097,673.6574889861565,0,6.25334450887749e-9
17.92410000002384,473.47474851875506,743.6574890299363,515.3411036827097,673.6574889922321,0,6.075538294680882e-9
17.941200000047683,476.6690076739019,743.6574890342646,515.3411036827097,673.6574889981302,0,5.898186827835161e-9
17.957899999976156,479.93709447834715,743.6574890384603,515.3411036827097,673.6574890038519,0,5.7216311688534915e-9
17.975,483.27868368967194,743.657489042525,515.3411036827097,673.6574890093981,0,5.546212378249038e-9
17.990800000071527,486.37691991517806,743.6574890461128,515.3411036827097,673.6574890142647,0,4.866592462349217e-9
18.007800000071526,489.7021045232016,743.6574890497692,515.3411036827097,673.6574890192468,0,4.982098289474379e-9
18.02460000002384,492.83460689718294,743.6574890532137,515.3411036827097,673.6574890239342,0,4.6874220060999505e-9
18.041300000071526,495.9263892624076,743.6574890566134,515.3411036827097,673.6574890285704,0,4.636149242287502e-9
18.057800000071527,498.85486201700166,743.6574890598334,515.3411036827097,673.6574890329573,0,4.386947694001719e-9
18.07389999997616,501.56553407156053,743.6574890628141,515.3411036827097,673.657489037008,0,4.050662028021179e-9
18.09089999997616,504.29051467374103,743.6574890658104,515.3411036827097,673.6574890410942,0,4.086246008228045e-9
18.107300000071525,506.79790799598874,743.6574890685675,515.3411036827097,673.6574890448429,0,3.748709787032567e-9
18.124300000071525,509.27485123208004,743.6574890712911,515.3411036827097,673.6574890485542,0,3.7113068174221553e-9
18.141200000047682,511.63535580555265,743.6574890738868,515.3411036827097,673.6574890520894,0,3.535205905791372e-9
18.1575,513.8723935101668,743.6574890763466,515.3411036827097,673.6574890554369,0,3.347508936712984e-9
18.17460000002384,516.0927786342186,743.6574890787882,515.3411036827097,673.6574890587679,0,3.330910658405628e-9
18.19139999997616,518.1597362938103,743.657489081061,515.3411036827097,673.6574890618616,0,3.093759914918337e-9
18.208200000047682,520.1761164641279,743.6574890832783,515.3411036827097,673.6574890648834,0,3.021796146640554e-9
18.225,522.0644149382275,743.6574890853545,515.3411036827097,673.6574890677084,0,2.8250042305444367e-9
18.241,523.8545865635547,743.657489087323,515.3411036827097,673.6574890703847,0,2.676301846804563e-9
18.258200000047683,525.6431671639459,743.6574890892896,515.3411036827097,673.6574890730667,0,2.6819861886906438e-9
18.274800000071526,527.337273973194,743.6574890911523,515.3411036827097,673.6574890756045,0,2.5378312784596346e-9
18.2915,528.9517424894332,743.6574890929276,515.3411036827097,673.657489078022,0,2.4174369173124433e-9
18.307700000047685,530.4639837394028,743.6574890945903,515.3411036827097,673.6574890802826,0,2.2606627680943348e-9
18.324700000047685,531.9663727605698,743.6574890962422,515.3411036827097,673.6574890825345,0,2.2519088815897703e-9
18.34089999997616,533.3651553579872,743.6574890977802,515.3411036827097,673.6574890846266,0,2.092065187753178e-9
18.35739999997616,534.7228614112549,743.6574890992732,515.3411036827097,673.6574890866592,0,2.032606971624773e-9
18.3745,536.0398404410255,743.6574891007214,515.3411036827097,673.6574890886325,0,1.9732624423340894e-9
18.391300000071524,537.3021061131274,743.6574891021094,515.3411036827097,673.6574890905237,0,1.8911805454990827e-9
18.40760000002384,538.4774080747391,743.6574891034019,515.3411036827097,673.6574890922808,0,1.7571437638252974e-9
18.424800000071524,539.6714825544356,743.6574891047148,515.3411036827097,673.6574890940736,0,1.7928414308698848e-9
18.441300000071525,540.7638537564034,743.6574891059162,515.3411036827097,673.6574890957079,0,1.6342482922482304e-9
18.45810000002384,541.8238012984436,743.6574891070817,515.3411036827097,673.6574890972951,0,1.5871819414314814e-9
18.475300000071524,542.8574414048576,743.6574891082182,515.3411036827097,673.6574890988447,0,1.549665284983348e-9
18.490899999976158,543.7861440571022,743.6574891092396,515.3411036827097,673.6574891002307,0,1.385956238664221e-9
18.508,544.7212862133342,743.6574891102678,515.3411036827097,673.6574891016313,0,1.4006218407303095e-9
18.524200000047685,545.6126614117351,743.657489111248,515.3411036827097,673.6574891029659,0,1.3345697880140506e-9
18.541,546.4723685485186,743.6574891121934,515.3411036827097,673.6574891042536,0,1.2877308108727448e-9
18.557600000023843,547.296567646319,743.6574891130996,515.3411036827097,673.657489105488,0,1.2344116839813069e-9
18.574899999976157,548.1048342090911,743.6574891139884,515.3411036827097,673.6574891067005,0,1.212470124301035e-9
18.591100000023843,548.8398616868556,743.6574891147966,515.3411036827097,673.6574891077989,0,1.098442226066254e-9
18.608,549.5829278910769,743.6574891156138,515.3411036827097,673.6574891089136,0,1.1146994438604452e-9
18.624200000047683,550.2586629802873,743.6574891163567,515.3411036827097,673.6574891099234,0,1.0097664926433936e-9
18.64139999997616,550.9456096959191,743.657489117112,515.3411036827097,673.6574891109543,0,1.0309122444596142e-9
18.65789999997616,551.5703543890945,743.6574891177991,515.3411036827097,673.6574891118883,0,9.339373718830757e-10
18.674700000047682,552.1910288800715,743.6574891184814,515.3411036827097,673.6574891128186,0,9.30299393075984e-10
18.691300000071525,552.7790260909733,743.6574891191278,515.3411036827097,673.6574891136991,0,8.805045581539162e-10
18.707700000047684,553.3297916390461,743.6574891197333,515.3411036827097,673.6574891145224,0,8.233200787799433e-10
18.724399999976157,553.8769689579285,743.6574891203348,515.3411036827097,673.6574891153425,0,8.20136847323738e-10
18.741800000071525,554.4042508215861,743.6574891209146,515.3411036827097,673.657489116133,0,7.904645826783963e-10
18.75739999997616,554.8808610239963,743.6574891214387,515.3411036827097,673.6574891168445,0,7.115659172995947e-10
18.774700000047684,555.3714354978396,743.6574891219782,515.3411036827097,673.6574891175808,0,7.362359610851854e-10
18.791399999976157,555.8175891691026,743.6574891224689,515.3411036827097,673.6574891182478,0,6.670006769127212e-10
18.808,556.2608361559652,743.6574891229561,515.3411036827097,673.6574891189122,0,6.643858796451241e-10
18.8245,556.6783380684327,743.6574891234151,515.3411036827097,673.6574891195371,0,6.249365469557233e-10
18.841300000071527,557.0833162021647,743.6574891238604,515.3411036827097,673.6574891201437,0,6.066329660825431e-10
18.85789999997616,557.4648273406033,743.65748912428,515.3411036827097,673.6574891207146,0,5.708216122002341e-10
18.874300000071525,557.8286399955346,743.6574891246801,515.3411036827097,673.6574891212588,0,5.442188921733759e-10
18.89139999997616,558.1919462736018,743.6574891250795,515.3411036827097,673.6574891218038,0,5.450147000374272e-10
18.9075,558.5223324475738,743.6574891254428,515.3411036827097,673.6574891222975,0,4.937419362249784e-10
18.924200000047684,558.8507210259571,743.6574891258039,515.3411036827097,673.6574891227896,0,4.920366336591542e-10
18.941300000071525,559.1690529638053,743.6574891261539,515.3411036827097,673.6574891232668,0,4.772573447553441e-10
18.9575,559.4619663792548,743.6574891264759,515.3411036827097,673.6574891237046,0,4.3780801206594333e-10
18.975,559.7595583561025,743.6574891268032,515.3411036827097,673.6574891241514,0,4.46789272245951e-10
18.9915,560.0318034387776,743.6574891271025,515.3411036827097,673.6574891245587,0,4.072262527188286e-10
19.008,560.2944522756112,743.6574891273914,515.3411036827097,673.6574891249518,0,3.9312908484134823e-10
19.025,560.5506742179866,743.6574891276731,515.3411036827097,673.6574891253357,0,3.8392045098589733e-10
19.0415,560.7906207865655,743.657489127937,515.3411036827097,673.6574891256947,0,3.590230335248634e-10
19.058100000023842,560.8588680848527,743.6574891281902,515.3411036827097,673.6574891260391,0,3.4435743145877495e-10
19.07410000002384,560.7639603814772,743.6574891284315,515.3411036827097,673.6574891263674,0,3.283275873400271e-10
19.090800000071525,560.5080075697109,743.6574891286656,515.3411036827097,673.6574891266863,0,3.1889157980913296e-10
19.10739999997616,560.095377930318,743.6574891288915,515.3411036827097,673.657489126994,0,3.077502697124146e-10
19.124300000071525,559.5382282142474,743.6574891291067,515.3411036827097,673.6574891272872,0,2.9319835448404774e-10
19.14110000002384,558.8300723217968,743.6574891293155,515.3411036827097,673.6574891275719,0,2.8467184165492654e-10
19.157700000047683,557.9952456409762,743.6574891295136,515.3411036827097,673.6574891278414,0,2.6943780540023e-10
19.174200000047684,557.0243078980861,743.6574891297046,515.3411036827097,673.6574891281014,0,2.6000179786933586e-10
19.191300000071525,555.9058190964132,743.6574891298906,515.3411036827097,673.6574891283552,0,2.538627086323686e-10
19.207899999976156,554.694660415508,743.657489130065,515.3411036827097,673.6574891285925,0,2.3726443032501265e-10
19.224300000071526,553.3952737297914,743.6574891302294,515.3411036827097,673.6574891288159,0,2.233946361229755e-10
19.241700000047683,551.9068087719631,743.6574891303954,515.3411036827097,673.6574891290425,0,2.2657786757918075e-10
19.25739999997616,550.4147500721585,743.6574891305446,515.3411036827097,673.657489129245,0,2.0258994481991976e-10
19.274100000023843,548.7652389262593,743.657489130693,515.3411036827097,673.6574891294471,0,2.0202151063131168e-10
19.290800000071524,547.0180865722135,743.6574891308353,515.3411036827097,673.6574891296408,0,1.9372237147763371e-10
19.30739999997616,545.1888730938399,743.6574891309707,515.3411036827097,673.6574891298253,0,1.8451373762218282e-10
19.32439999997616,543.2468114561427,743.6574891311021,515.3411036827097,673.6574891300045,0,1.7917045624926686e-10
19.341300000071527,541.1674146205033,743.657489131231,515.3411036827097,673.6574891301804,0,1.7587353795534e-10
19.357700000047682,539.131241786274,743.6574891313476,515.3411036827097,673.6574891303387,0,1.5836576494621113e-10
19.3745,536.966631151435,743.6574891314622,515.3411036827097,673.6574891304946,0,1.5586465451633558e-10
19.39139999997616,534.671379717911,743.6574891315744,515.3411036827097,673.6574891306477,0,1.531361704110168e-10
19.408,532.3869928100086,743.6574891316784,515.3411036827097,673.6574891307891,0,1.4142642612569034e-10
19.4245,529.9911250038178,743.6574891317798,515.3411036827097,673.6574891309274,0,1.382431946694851e-10
19.4415,527.4981997293775,743.6574891318784,515.3411036827097,673.6574891310615,0,1.3415046851150692e-10
19.457800000071526,525.032675380267,743.6574891319694,515.3411036827097,673.6574891311855,0,1.2391865311656147e-10
19.474200000047684,522.4452084806236,743.657489132059,515.3411036827097,673.6574891313073,0,1.2187229003757238e-10
19.4915,519.7341289292509,743.6574891321467,515.3411036827097,673.657489131427,0,1.1971224012086168e-10
19.507899999976157,517.0960312256071,743.6574891322269,515.3411036827097,673.6574891315362,0,1.0913936421275139e-10
19.52510000002384,514.238170155563,743.6574891323085,515.3411036827097,673.6574891316475,0,1.1129941412946209e-10
19.541399999976157,511.5131227742668,743.6574891323819,515.3411036827097,673.6574891317471,0,9.958966984413564e-11
19.557800000071527,508.68899747423484,743.6574891324536,515.3411036827097,673.6574891318446,0,9.754330676514655e-11
19.574200000047682,505.8182424291143,743.6574891325223,515.3411036827097,673.6574891319382,0,9.356426744488999e-11
19.591200000047685,502.8310819416646,743.6574891325897,515.3411036827097,673.6574891320302,0,9.197265171678737e-11
19.608300000071527,499.7990661639978,743.6574891326544,515.3411036827097,673.6574891321183,0,8.810729923425242e-11
19.62410000002384,496.8529690549616,743.6574891327139,515.3411036827097,673.6574891321991,0,8.0831341620069e-11
19.641300000071524,493.70102076717757,743.6574891327739,515.3411036827097,673.6574891322811,0,8.196820999728516e-11
19.658300000071527,490.54642755021763,743.657489132831,515.3411036827097,673.6574891323586,0,7.753442332614213e-11
19.67439999997616,487.46846628581346,743.6574891328837,515.3411036827097,673.6574891324302,0,7.16227077646181e-11
19.690800000071526,484.33728973939975,743.6574891329344,515.3411036827097,673.6574891324994,0,6.923528417246416e-11
19.707399999976158,481.11475653227086,743.657489132984,515.3411036827097,673.6574891325671,0,6.764366844436154e-11
19.724100000023842,477.8792136612277,743.6574891330314,515.3411036827097,673.6574891326316,0,6.446043698815629e-11
19.740899999976158,474.5928504433764,743.657489133077,515.3411036827097,673.6574891326937,0,6.218670023372397e-11
19.7575,471.2764520714569,743.6574891331209,515.3411036827097,673.6574891327533,0,5.95719029661268e-11
19.774100000023843,467.9312590718949,743.6574891331629,515.3411036827097,673.6574891328105,0,5.718447937397286e-11
19.791300000071526,464.51778363144047,743.6574891332037,515.3411036827097,673.657489132866,0,5.547917680814862e-11
19.80739999997616,461.200202128254,743.6574891332414,515.3411036827097,673.6574891329172,0,5.127276381244883e-11
19.8245,457.7345559216136,743.6574891332787,515.3411036827097,673.6574891329683,0,5.10453901370056e-11
19.841600000023842,454.30637236731883,743.657489133314,515.3411036827097,673.6574891330163,0,4.7975845518521965e-11
19.85760000002384,450.85511893492566,743.6574891333478,515.3411036827097,673.6574891330623,0,4.604316927725449e-11
19.87410000002384,447.38174288080154,743.6574891333803,515.3411036827097,673.6574891331064,0,4.411049303598702e-11
19.891,443.8448385092248,743.6574891334118,515.3411036827097,673.6574891331493,0,4.285993782104924e-11
19.907800000071525,440.2658775304633,743.657489133442,515.3411036827097,673.6574891331906,0,4.126832209294662e-11
19.924300000071526,436.79512334640015,743.6574891334701,515.3411036827097,673.6574891332288,0,3.8198777474462986e-11
19.941300000071525,433.1773023765739,743.6574891334978,515.3411036827097,673.6574891332667,0,3.7971403799019754e-11
19.9575,429.7892875976879,743.657489133524,515.3411036827097,673.6574891333022,0,3.54702933691442e-11
19.974100000023842,426.52069544496356,743.6574891335492,515.3411036827097,673.6574891333365,0,3.433342499192804e-11
19.99110000002384,423.3682272071521,743.6574891335736,515.3411036827097,673.6574891333696,0,3.3082869776990265e-11
20.008,420.32863416321857,743.6574891335971,515.3411036827097,673.6574891334016,0,3.1946001399774104e-11
20.024700000047684,417.3655423442912,743.65748913362,515.3411036827097,673.6574891334327,0,3.115019353572279e-11
20.040800000071524,414.6869006543724,743.6574891336406,515.3411036827097,673.6574891334608,0,2.808064891723916e-11
20.0575,412.02319138662915,743.6574891336612,515.3411036827097,673.6574891334888,0,2.7966962079517543e-11
20.074300000071524,409.4694999243361,743.6574891336809,515.3411036827097,673.6574891335156,0,2.6830093702301383e-11
20.09089999997616,407.0353275167654,743.6574891336998,515.3411036827097,673.6574891335412,0,2.5579538487363607e-11
20.10739999997616,404.6876344300559,743.657489133718,515.2499119196116,673.6574891335658,-0.09119176309809518,2.467004378559068e-11
20.12439999997616,402.4369068960056,743.6574891337351,514.8573565137306,673.6574891335895,-0.3925554058810121,2.3646862246096134e-11
20.140800000071525,400.2915189580967,743.6574891337516,514.2237303804889,673.657489133612,-0.6336261332417052,2.2509993868879974e-11
20.157399999976157,398.2223506385176,743.6574891337676,513.3862366537853,673.6574891336337,-0.837493726703542,2.1714186004828662e-11
