time,shipX,shipY,cameraX,cameraY,deltaCameraX,deltaCameraY
1.5885,350,700,480,677,0,0
1.7009000000953673,350,700,480,677,0,0
1.7277000000476836,350,700,480,677,0,0
1.7438000000715255,350,700,480,677,0,0
1.7596000000238419,350,700,480,677,0,0
1.7764000000953675,350,700,480,677,0,0
1.7925,350,700,480,677,0,0
1.8089000000953674,350,700,480,677,0,0
1.825600000023842,350,700,480,677,0,0
1.8421000000238419,350,700,480,677,0,0
1.8592000000476838,350,700,480,677,0,0
1.8753000000715256,350,700,480,677,0,0
1.8918000000715256,350,700,480,677,0,0
1.9088000000715255,350,700,480,677,0,0
1.9276000000238418,350,700,480,677,0,0
1.9424000000953674,350,700,480,677,0,0
1.9588000000715255,350,700,480,677,0,0
1.9755,350,700,480,677,0,0
1.9918000000715255,350,700,480,677,0,0
2.0085,350,700,480,677,0,0
2.0254000000953676,350,700,480,677,0,0
2.0418000000715257,350,700,480,677,0,0
2.0588000000715256,350,700,480,677,0,0
2.075200000047684,350,700,480,677,0,0
2.0918000000715256,350,700,480,677,0,0
2.109100000023842,350,700,480,677,0,0
2.1259000000953674,350,700,480,677,0,0
2.1422000000476835,350,700,480,677,0,0
2.1594000000953675,350,700,480,677,0,0
2.175,350,700,480,677,0,0
2.192,350,700,480,677,0,0
2.2083000000715254,350,700,480,677,0,0
2.2251000000238417,350,700,480,677,0,0
2.242,350,700,480,677,0,0
2.258700000047684,350,700,480,677,0,0
2.2753000000715256,350,700,480,677,0,0
2.292,350,700,480,677,0,0
2.308200000047684,350,700,480,677,0,0
2.3249000000953672,350,700,480,677,0,0
2.3417000000476835,350,700,480,677,0,0
2.358700000047684,350,700,480,677,0,0
2.3753000000715256,350,700,480,677,0,0
2.394600000023842,350,700,480,677,0,0
2.4088000000715257,350,700,480,677,0,0
2.425,350,700,480,677,0,0
2.4418000000715256,350,700,480,677,0,0
2.459,350,700,480,677,0,0
2.476100000023842,350,700,480,677,0,0
2.492100000023842,350,700,480,677,0,0
2.509100000023842,350,700,480,677,0,0
2.5257000000476837,350,700,480,677,0,0
2.542200000047684,350,700,480,677,0,0
2.5594000000953674,350,700,480,677,0,0
2.5757000000476835,350.13056863910236,700,480,677,0,0
2.5925,350.3886576326708,700,480,677,0,0
2.609,350.76528927766975,700,480,677,0,0
2.6262000000476835,351.27914209776634,700,480,677,0,0
2.642,351.88098690243976,700,480,677,0,0
2.6593000000715254,352.6022142403605,700,480,677,0,0
2.675600000023842,353.41077010934714,700,480,677,0,0
2.692,354.3337959543438,700,480,677,0,0
2.7085,355.35238411584464,700,480,677,0,0
2.7253000000715257,356.46258763294327,700,480,677,0,0
2.7418000000715255,357.64529027570546,700,480,677,0,0
2.7589000000953674,358.942882895099,700,480,677,0,0
2.7759000000953673,360.3230911345839,700,480,677,0,0
2.7919000000953673,361.7280926700057,700,480,677,0,0
2.808900000095367,363.2418042443529,700,480,677,0,0
2.8263000000715257,364.8761898467219,700,480,677,0,0
2.8422000000476837,366.4592636578574,700,480,677,0,0
2.8592000000476836,368.21968064229867,700,480,677,0,0
2.8758000000715254,369.99057643334805,700,480,677,0,0
2.892,371.79816974216993,700,480,677,0,0
2.9093000000715254,373.7315712907235,700,480,677,0,0
2.926,375.6380793490582,700,480,677,0,0
2.9418000000715256,377.64438258458875,700,480,677,0,0
2.9584000000953674,379.688908593958,700,480,677,0,0
2.9759000000953675,381.87179841399734,700,480,677,0,0
2.9926000000238417,383.95990125578305,700,480,677,0,0
3.0095,386.1974532156161,700,480,677,0,0
3.026100000023842,388.3974700641551,700,480,677,0,0
3.0419000000953673,390.63724287212585,700,480,677,0,0
3.0593000000715254,393.0421622189044,700,480,677,0,0
3.0759000000953676,395.3441640061908,700,480,677,0,0
3.092600000023842,397.75346723387923,700,480,677,0,0
3.109,400.13899770346086,700,480,677,0,0
3.126100000023842,402.6463018928281,700,480,677,0,0
3.142100000023842,405.09599120422473,700,480,677,0,0
3.1589000000953673,407.6517186707118,700,480,677,0,0
3.1749000000953673,410.1447755931168,700,480,677,0,0
3.1928000000715255,412.82089992666823,700,480,677,0,0
3.2093000000715257,415.3681237753573,700,480,677,0,0
3.2254000000953673,418.01967105823366,700,480,677,0,0
3.2423000000715256,420.63208265445695,700,480,677,0,0
3.259,423.3322901458267,700,480,677,0,0
3.2759000000953673,426.05557584323117,700,480,677,0,0
3.293,428.8338899325478,700,480,677,0,0
3.3091000000238417,431.5012753280396,700,480,677,0,0
3.3257000000476835,434.2711030724534,700,480,677,0,0
3.3424000000953673,437.0098278125738,700,480,677,0,0
3.3593000000715256,439.85095671728226,700,480,677,0,0
3.3756000000238418,442.6251815702023,700,480,677,0,0
3.392100000023842,445.45006145589895,700,480,677,0,0
3.409100000023842,448.4286395253877,700,480,677,0,0
3.4257000000476836,451.21657892625905,700,480,677,0,0
3.442600000023842,454.1229189908986,700,480,677,0,0
3.459,457.04377356773,700,480,677,0,0
3.475600000023842,459.90841319992285,700,480,677,0,0
3.4928000000715254,462.8386592932228,700,480,677,0,0
3.5089000000953674,465.74620666313416,700,480,677,0,0
3.5265,468.82538708945583,700,480,677,0,0
3.5425,471.64979207703453,700,480,677,0,0
3.5591000000238417,474.7168652885701,700,480,677,0,0
3.5757000000476835,477.6695873826235,700,480,677,0,0
3.5925,480.63235367438364,700,480,677,0,0
3.609800000071526,483.6047541790029,700,480,677,0,0
3.625,486.5863956464274,700,480,677,0,0
3.6424000000953676,489.66770503833726,700,480,677,0,0
3.6589000000953673,492.7215152347581,700,480,677,0,0
3.675600000023842,495.7837133567788,700,480,677,0,0
3.6921000000238418,498.78073263705505,700,480,677,0,0
3.7084000000953674,501.8035165665435,700,480,677,0,0
3.7251000000238417,504.85187444000576,700,480,677,0,0
3.7429000000953674,507.98090808877987,700,480,677,0,0
3.7594000000953676,511.00604667683086,700,480,677,0,0
3.7759000000953673,514.1299883996319,700,480,677,0,0
3.793,517.2973111915987,700,480,677,0,0
3.8091000000238417,520.3221696165235,700,480,677,0,0
3.825600000023842,523.4455510238801,700,480,677,0,0
3.8424000000953673,526.481234180129,700,480,677,0,0
3.859,529.6153088619703,700,480,677,0,0
3.8756000000238418,532.6796463468505,700,480,677,0,0
3.8919000000953674,535.804844406909,700,480,677,0,0
3.909200000047684,538.9909032773019,700,480,677,0,0
3.926,542.162706726838,700,480,677,0,0
3.942200000047684,545.2448024389013,700,480,677,0,0
3.9592000000476837,548.3873366959635,700,480,677,0,0
3.9759000000953675,551.4583743027226,700,480,677,0,0
3.992100000023842,554.6085062195308,700,480,677,0,0
4.008600000023842,557.7811038222744,700,480,677,0,0
4.0252000000476835,560.9193380798649,700,480,677,0,0
4.042200000047684,564.1176188683608,700,480,677,0,0
4.058200000047684,567.2054202980237,700,480,677,0,0
4.075100000023842,570.3720180412856,700,480,677,0,0
4.091900000095367,573.5415130119575,700,480,677,0,0
4.1089000000953675,576.7517749742356,700,480,677,0,0
4.1262000000476835,579.9437749742355,700,480,677,0,0
4.1422000000476835,583.0407749742354,700,480,677,0,0
4.159400000095367,586.2897749742353,700,480,677,0,0
4.175900000095368,589.3677749742355,700,480,677,0,0
4.192700000047684,592.5977749742357,700,480.3685470582662,677,0.36854705826618783,0
4.209,595.7327749742357,700,481.1088104722058,677,0.7402634139396014,0
4.225600000023842,598.8867749742355,700,482.18820094807404,677,1.0793904758682515,0
4.242600000023842,602.0597749742354,700,483.56578105049294,677,1.3775801024189036,0
4.258800000071526,605.2137749742355,700,485.1822365769972,677,1.6164555265042395,0
4.275700000047684,608.4247749742356,700,487.0507271453984,677,1.8684905684012278,0
4.292700000047684,611.5407749742358,700,489.03910720253947,677,1.9883800571410575,0
4.308700000047684,614.7137749742359,700,491.22651018174935,677,2.187402979209878,0
4.325100000023842,617.867774974236,700,493.5359090892303,677,2.309398907480954,0
4.3425,621.078774974236,700,496.0111656046803,677,2.475256515449985,0
4.358600000023842,624.1947749742361,700,498.5063903730424,677,2.4952247683621067,0
4.375700000047684,627.4057749742362,700,501.1730484424111,677,2.6666580693686797,0
4.3925,630.5977749742361,700,503.8988086960192,677,2.7257602536081436,0
4.409200000047684,633.808774974236,700,506.70805742855777,677,2.809248732538549,0
4.425800000071526,636.8867749742361,700,509.44569289913443,677,2.737635470576663,0
4.442400000095367,640.1167749742361,700,512.3783050635886,677,2.9326121644542127,0
4.459,643.2327749742362,700,515.2400355811412,677,2.861730517552587,0
4.4758000000715255,646.4437749742362,700,518.2318326129775,677,2.991797031836313,0
4.492600000023842,649.5407749742363,700,521.139373776271,677,2.9075411632934447,0
4.509400000095368,652.7897749742363,700,524.2276356624241,677,3.0882618861530773,0
4.525700000047684,655.8867749742363,700,527.1829601474673,677,2.9553244850432066,0
4.542,659.0407749742365,700,530.2162881012206,677,3.0333279537533144,0
4.558800000071526,662.2327749742366,700,533.3057351904359,677,3.089447089215355,0
4.575400000095367,665.3867749742365,700,536.3700412866752,677,3.0643060962393065,0
4.5928000000715254,668.6547749742363,700,539.5659734394723,677,3.1959321527970133,0
4.609200000047684,671.8087749742363,700,542.6527280944965,677,3.086754655024265,0
4.625600000023842,674.9247749742364,700,545.7089839723584,677,3.0562558778618722,0
4.642400000095368,678.0977749742365,700,548.8333441726331,677,3.1243602002747366,0
4.659300000071526,681.2517749742362,700,551.9444718571125,677,3.1111276844793565,0
4.675400000095367,684.4247749742361,700,555.0816025911195,677,3.1371307340069734,0
4.692400000095367,687.5597749742361,700,558.1835902188099,677,3.1019876276903915,0
4.709300000071526,690.8277749742363,700,561.4310725153625,677,3.2474822965526755,0
4.725300000071526,693.8677749742363,700,564.4401092082477,677,3.009036692885161,0
4.742400000095367,697.0977749742364,700,567.654558553573,677,3.2144493453253062,0
4.761100000023842,700.2137749742363,700,570.7502209396075,677,3.095662386034519,0
4.7752000000476835,703.3867749742363,700,573.9091565199712,677,3.158935580363732,0
4.791900000095367,706.5407749742365,700,577.0498694155682,677,3.1407128955969483,0
4.808300000071526,709.7137749742366,700,580.2126219065065,677,3.16275249093826,0
4.825600000023842,712.9247749742365,700,583.4172525084452,677,3.2046306019387885,0
4.8425,716.0407749742367,700,586.5217392171597,677,3.1044867087144894,0
4.858600000023842,719.2517749742367,700,589.7288930238935,677,3.2071538067337997,0
4.875600000023842,722.4437749742368,700,592.916341881112,677,3.187448857218442,0
4.892400000095368,725.5407749742368,700,596.0033778024272,677,3.0870359213151914,0
4.908900000095367,728.7707749742368,700,599.2333947728223,677,3.230016970395127,0
4.925700000047684,731.9247749742367,700,602.3824011314038,677,3.1490063585814596,0
4.941900000095368,735.0597749742366,700,605.5118785591065,677,3.1294774277027955,0
4.959400000095368,738.2517749742366,700,608.7028375524275,677,3.190958993320919,0
4.9759000000953675,741.4247749742366,700,611.8736884013132,677,3.1708508488857206,0
4.992400000095367,744.5407749742367,700,614.9841531442516,677,3.1104647429384613,0
5.008900000095368,747.7137749742368,700,618.156076353814,677,3.171923209562351,0
5.025600000023842,750.8867749742368,700,621.3281498296943,677,3.1720734758803246,0
5.0415,754.0407749742369,700,624.4801044646878,677,3.1519546349934444,0
5.058800000071526,757.270774974237,700,627.7134232299824,677,3.233318765294598,0
5.075900000095367,760.386774974237,700,630.8247477038116,677,3.1113244738291996,0
5.0928000000715254,763.635774974237,700,634.0785639014475,677,3.253816197635956,0
5.1089000000953675,766.751774974237,700,637.1898690717976,677,3.1113051703500787,0
5.125700000047684,769.943774974237,700,640.3827939359697,677,3.1929248641721415,0
5.1423000000715255,773.059774974237,700,643.494616435473,677,3.111822499503205,0
5.158700000047684,776.2327749742371,700,646.6677309444293,677,3.1731145089563597,0
5.175800000071526,779.4247749742369,700,649.8610961639822,677,3.193365219552902,0
5.192600000023842,782.6167749742368,700,653.0542698101204,677,3.1931736461382343,0
5.208600000023842,785.7137749742368,700,656.1460912101497,677,3.091821400029289,0
5.2255,788.8867749742368,700,659.3195581147979,677,3.173466904648194,0
5.242100000023842,792.0407749742369,700,662.4727050688393,677,3.1531469540414037,0
5.2592000000476835,795.213774974237,700,665.6462258595835,677,3.173520790744192,0
5.2755,798.462774974237,700,668.9008297054905,677,3.2546038459070132,0
5.292300000071526,801.540774974237,700,671.9723785826345,677,3.0715488771439823,0
5.309400000095367,804.713774974237,700,675.145944934593,677,3.1735663519584705,0
5.326800000071525,807.886774974237,700,678.319432252024,677,3.173487317430954,0
5.342300000071526,811.135774974237,700,681.5740066576493,677,3.2545744056253625,0
5.3588000000715255,814.213774974237,700,684.6455315277916,677,3.071524870142298,0
5.376,817.4247749742369,700,687.8596284220755,677,3.214096894283898,0
5.3925,820.559774974237,700,690.9922484835024,677,3.1326200614269055,0
5.409300000071526,823.751774974237,700,694.1859620525323,677,3.19371356902991,0
5.426,826.9627749742372,700,697.3997160055752,677,3.2137539530428967,0
5.442600000023842,830.097774974237,700,700.5320479804941,677,3.132331974918884,0
5.458400000095367,833.213774974237,700,703.6445217382493,677,3.112473757755197,0
5.475300000071526,836.386774974237,700,706.8182076630108,677,3.1736859247614575,0
5.492300000071525,839.578774974237,700,710.0120672843994,677,3.1938596213886967,0
5.509700000047684,842.808774974237,700,713.246242546141,677,3.2341752617415978,0
5.526200000047684,845.905774974237,700,716.3380676662584,677,3.0918251201173916,0
5.542100000023842,849.0597749742369,700,719.4912826825134,677,3.1532150162549897,0
5.559100000023842,852.3467749742368,700,722.7866813456266,677,3.295398663113133,0
5.575700000047684,855.4627749742369,700,725.898382071366,677,3.1117007257394107,0
5.592700000047683,858.5597749742369,700,728.9904610476765,677,3.0920789763105176,0
5.609100000023842,861.789774974237,700,732.225006056947,677,3.234545009270505,0
5.625400000095367,864.886774974237,700,735.3171363392954,677,3.092130282348421,0
5.6425,868.116774974237,700,738.5517274150343,677,3.2345910757388765,0
5.659200000047684,871.3467749742371,700,741.7856671535809,677,3.23393973854661,0
5.676100000023842,874.424774974237,700,744.8571024146047,677,3.071435261023794,0
5.692200000047683,877.5977749742372,700,748.0305677556692,677,3.173465341064457,0
5.709300000071526,880.732774974237,700,751.1634721890454,677,3.1329044333762113,0
5.724900000095367,883.867774974237,700,754.2966658106006,677,3.1331936215552787,0
5.742600000023842,887.1357749742369,700,757.5721029031268,677,3.2754370925262037,0
5.759,890.2137749742368,700,760.6438860545943,677,3.071783151467457,0
5.7753000000715256,893.3677749742369,700,763.7974038249764,677,3.153517770382109,0
5.792200000047684,896.5597749742369,700,766.9915165685909,677,3.1941127436144825,0
5.808700000047684,899.7137749742369,700,770.1448080636694,677,3.15329149507852,0
5.8255,902.9247749742369,700,773.3590070370146,677,3.214198973345219,0
5.842300000071526,906.059774974237,700,776.4917128495755,677,3.1327058125608573,0
5.8589000000953675,909.2137749742371,700,779.6449771056733,677,3.1532642560978275,0
5.8755,912.3677749742374,700,782.7983434649577,677,3.153366359284405,0
5.892800000071525,915.5977749742375,700,786.0329051557213,677,3.2345616907635986,0
5.909,918.7137749742375,700,789.1452612885972,677,3.1123561328759024,0
5.925700000047684,921.9247749742374,700,792.3593963129866,677,3.2141350243894067,0
5.942400000095367,925.0977749742376,700,795.5325415400795,677,3.1731452270928457,0
5.960100000023842,928.2327749742375,700,798.6651735912213,677,3.1326320511418544,0
5.975700000047683,931.3867749742374,700,801.8183739076926,677,3.1532003164712705,0
5.9925,934.5977749742374,700,805.0324930417966,677,3.214119134103953,0
6.009900000095367,937.8087749742372,700,808.2461720735212,677,3.2136790317246096,0
6.025400000095368,940.8867749742373,700,811.3178101712315,677,3.07163809771032,0
6.042,944.0407749742374,700,814.4711996969172,677,3.153389525685725,0
6.058900000095368,947.2517749742374,700,817.6854845093595,677,3.2142848124423153,0
6.075300000071525,950.3867749742375,700,820.8182624307331,677,3.132777921373531,0
6.091700000047684,953.5407749742376,700,823.9715891939057,677,3.153326763172686,0
6.109100000023842,956.7707749742377,700,827.2061160230352,677,3.234526829129436,0
6.125300000071525,959.8677749742377,700,830.2982313008414,677,3.092115277806215,0
6.142,963.0977749742377,700,833.5328089043594,677,3.234577603518005,0
6.158800000071525,966.2137749742377,700,836.6451782452173,677,3.1123693408578674,0
6.175200000047684,969.3677749742378,700,839.7985166912723,677,3.153338446055045,0
6.191600000023842,972.5407749742379,700,842.9722033203406,677,3.173686629068243,0
6.2085,975.6947749742378,700,846.1255382865841,677,3.1533349662435057,0
6.2258000000715255,978.9627749742378,700,849.4007068407343,677,3.275168554150241,0
6.242,982.0597749742378,700,852.4924686092493,677,3.0917617685149708,0
6.259600000023842,985.346774974238,700,855.7876962805794,677,3.295227671330167,0
6.2752000000476835,988.367774974238,700,858.798356930184,677,3.0106606496045742,0
6.292100000023842,991.5597749742378,700,861.9923359300217,677,3.193978999837668,0
6.309200000047683,994.8467749742377,700,865.2875827315873,677,3.2952468015656677,0
6.325900000095367,997.9247749742377,700,868.3587581072006,677,3.0711753756132794,0
6.3425,1001.1547749742377,700,871.5928353617194,677,3.234077254518752,0
6.359400000095367,1004.2707749742378,700,874.7047894004659,677,3.1119540387464895,0
6.375200000047684,1007.3867749742379,700,877.8172986415666,677,3.1125092411007245,0
6.392700000047684,1010.6547749742379,700,881.0925015640527,677,3.2752029224860735,0
6.408900000095367,1013.7327749742378,700,884.1640949599647,677,3.071593395912032,0
6.4255,1016.9437749742378,700,887.3782534529273,677,3.2141584929626106,0
6.442600000023842,1020.078774974238,700,890.5109252600942,677,3.132671807166844,0
6.458800000071526,1023.308774974238,700,893.7452625411418,677,3.234337281047601,0
6.4755,1026.405774974238,700,896.837221379997,677,3.0919588388552484,0
6.492200000047684,1029.5787749742378,700,900.0108096696147,677,3.173588289617669,0
6.508600000023842,1032.732774974238,700,903.1640604894687,677,3.1532508198540654,0
6.5251000000238415,1035.867774974238,700,906.29717292557,677,3.1331124361012144,0
6.541600000023842,1039.0597749742378,700,909.4913180699714,677,3.194145144401432,0
6.558400000095367,1042.2137749742376,700,912.644637111784,677,3.153319041812665,0
6.5755,1045.3867749742376,700,915.8183069361461,677,3.1736698243620367,0
6.592300000071526,1048.2950366218986,700,918.9549389971004,677,3.136632060954298,0
6.609100000023842,1050.9494942683882,700,922.0242835234122,677,3.069344526311852,0
6.626,1053.3736509319901,700,925.0201175716617,677,2.995834048249435,0
6.642800000071525,1055.5734991133854,700,927.9201506625586,677,2.9000330908969545,0
6.659,1057.4821819354506,700,930.5893310563719,677,2.6691803938132352,0
6.6755,1059.2140576555973,700,933.173985756404,677,2.5846547000321607,0
6.692700000047684,1060.7826610812808,700,935.6857267802412,677,2.511741023837203,0
6.709400000095368,1062.0900853575183,700,937.9240522218444,677,2.2383254416031377,0
6.7265,1063.2579207902759,700,940.0994724213552,677,2.1754201995108815,0
6.742200000047684,1064.2145727083976,700,942.0473561597548,677,1.9478837383995824,0
6.7585,1065.0016072945946,700,943.8350427234743,677,1.7876865637194896,0
6.7755,1065.62877733833,700,945.4717234790719,677,1.636680755597581,0
6.792300000071526,1066.1056387934266,700,946.9803600029535,677,1.5086365238815915,0
6.809200000047683,1066.417980355011,700,948.2754265421787,677,1.2950665392252176,0
6.8255,1066.5895572437082,700,949.4485305449206,677,1.1731040027418658,0
6.842400000095368,1066.6202786301326,700,950.4326653825638,677,0.9841348376431824,0
6.859200000047684,1066.5123586907935,700,951.2951931635037,677,0.8625277809398995,0
6.875600000023842,1066.2855691571212,700,951.9761149744395,677,0.6809218109358426,0
6.893700000047684,1065.929125495855,700,952.5277583723944,677,0.5516433979548765,0
6.908600000023842,1065.4572415661346,700,952.9342987028001,677,0.4065403304057327,0
6.926,1064.8516670357014,700,953.2077964310904,677,0.2734977282902946,0
6.942900000095367,1064.1654245414352,700,953.3392058411392,677,0.1314094100488319,0
6.958700000047684,1063.3726109018114,700,953.3438157392725,677,0.0046098981332534095,0
6.975100000023842,1062.469643907219,700,953.3438157392725,677,0,0
6.9925,1061.4572091165207,700,953.3438157392725,677,0,0
7.0091000000238415,1060.3643914328113,700,953.3438157392725,677,0,0
7.025700000047684,1059.1830242570472,700,953.3438157392725,677,0,0
7.042300000071526,1057.940929671306,700,953.3438157392725,677,0,0
7.059200000047683,1056.5605390761557,700,953.3438157392725,677,0,0
7.075700000047684,1055.1792699196053,700,953.3438157392725,677,0,0
7.091800000071526,1053.6898883612948,700,953.3438157392725,677,0,0
7.1085,1052.1197347785908,700,953.3438157392725,677,0,0
7.125300000071525,1050.480746861453,700,953.3438157392725,677,0,0
7.141900000095368,1048.7757676387755,700,953.3438157392725,677,0,0
7.158600000023842,1047.007522715301,700,953.3438157392725,677,0,0
7.175,1045.1899133022232,700,953.3438157392725,677,0,0
7.191600000023842,1043.3148127864802,700,953.3438157392725,677,0,0
7.208400000095367,1041.3726437594464,700,953.3438157392725,677,0,0
7.225,1039.38925031954,700,953.3438157392725,677,0,0
7.241600000023842,1037.3426357123135,700,953.3438157392725,677,0,0
7.258300000071525,1035.2468657937866,700,953.3438157392725,677,0,0
7.274900000095368,1033.1039708003445,700,953.3438157392725,677,0,0
7.292,1030.9158971145698,700,953.3438157392725,677,0,0
7.308700000047684,1028.6437036002803,700,953.3438157392725,677,0,0
7.325,1026.425455813656,700,953.3438157392725,677,0,0
7.342200000047684,1024.0707526441035,700,953.3438157392725,677,0,0
7.359,1021.7051689378214,700,953.3438157392725,677,0,0
7.375,1019.3895626587852,700,953.3438157392725,677,0,0
7.391700000047684,1016.9820853618916,700,953.3438157392725,677,0,0
7.408600000023842,1014.481790818159,700,953.3438157392725,677,0,0
7.425,1012.0385893696891,700,953.3438157392725,677,0,0
7.441900000095368,1009.5350120801393,700,953.3438157392725,677,0,0
7.458400000095367,1006.9866942969887,700,953.3438157392725,677,0,0
7.475300000071526,1004.4099427891878,700,953.3438157392725,677,0,0
7.491700000047683,1001.8059319401516,700,953.3438157392725,677,0,0
7.508900000095368,999.1281246415541,700,953.3438157392725,677,0,0
7.525700000047684,996.4725355133911,700,953.3438157392725,677,0,0
7.541700000047684,993.8576099354432,700,953.3438157392725,677,0,0
7.5585,991.122882899402,700,953.3438157392725,677,0,0
7.575200000047683,988.4477223235289,700,953.3438157392725,677,0,0
7.592,985.6693584022536,700,953.3438157392725,677,0,0
7.608300000071526,982.9535701894561,700,953.3438157392725,677,0,0
7.625100000023842,980.1854108979197,700,953.3438157392725,677,0,0
7.641800000071526,977.3819109694947,700,953.3438157392725,677,0,0
7.658600000023842,974.4925804686475,700,953.3438157392725,677,0,0
7.676200000047683,971.6878601271699,700,953.3438157392725,677,0,0
7.691900000095368,968.8327036574219,700,953.3438157392725,677,0,0
7.708400000095367,965.9963183267623,700,953.3438157392725,677,0,0
7.725100000023842,963.1277887708175,700,953.3438157392725,677,0,0
7.741700000047683,960.2274844520665,700,953.3438157392725,677,0,0
7.758200000047684,957.3132843263966,700,953.3438157392725,677,0,0
7.775,954.4033532391123,700,953.3438157392725,677,0,0
7.791700000047684,951.4631182693513,700,953.3438157392725,677,0,0
7.8085,948.5106367276863,700,953.3438157392725,677,0,0
7.825100000023842,945.5464144279398,700,953.3438157392725,677,0,0
7.842300000071526,942.5888023276191,700,953.3438157392725,677,0,0
7.858400000095368,939.6205079894589,700,953.3438157392725,677,0,0
7.875,936.6239832514907,700,953.3438157392725,677,0,0
7.8922000000476835,933.6355805466756,700,953.3438157392725,677,0,0
7.908800000071525,930.6196618359411,700,953.3438157392725,677,0,0
7.925400000095367,927.5946224796908,700,953.3438157392725,677,0,0
7.942,924.5608391832266,700,953.3438157392725,677,0,0
7.9585,921.5369217122873,700,953.3438157392725,677,0,0
7.975300000071526,918.4867499754948,700,953.3438157392725,677,0,0
7.992700000047684,915.4288723281963,700,953.3438157392725,677,0,0
8.009700000047683,912.3636070436256,700,953.3438157392725,677,0,0
8.0255,909.3096810192197,700,953.3438157392725,677,0,0
8.042600000023842,906.2490274366464,700,953.3438157392725,677,0,0
8.058400000095368,903.1449268609671,700,953.3438157392725,677,0,0
8.075200000047683,900.0715951626647,700,953.3438157392725,677,0,0
8.091700000047684,896.9923327091993,700,953.3438157392725,677,0,0
8.108400000095367,893.8887822419371,700,953.3438157392725,677,0,0
8.125200000047684,890.7797305382505,700,953.3438157392725,677,0,0
8.141800000071525,887.6654048128611,700,953.3438157392725,677,0,0
8.158600000023842,884.5647144971896,700,953.3438157392725,677,0,0
8.175200000047683,881.4404974395873,700,953.3438157392725,677,0,0
8.192300000071526,878.3303787304304,700,953.3438157392725,677,0,0
8.208200000047684,875.1782968304738,700,953.3438157392725,677,0,0
8.225,872.0407056216266,700,953.3438157392725,677,0,0
8.241700000047684,868.9178387044672,700,953.3438157392725,677,0,0
8.258400000095367,865.7722329178505,700,953.3438157392725,677,0,0
8.274900000095368,862.6605903051603,700,953.3438157392725,677,0,0
8.292200000047684,859.5076216023705,700,953.3438157392725,677,0,0
8.3085,856.3511927589644,700,953.3438157392725,677,0,0
8.325100000023841,853.1914466873401,700,953.3438157392725,677,0,0
8.341900000095368,850.0285203972584,700,953.3438157392725,677,0,0
8.358400000095367,846.8815041431118,700,953.3438157392725,677,0,0
8.375200000047684,843.6936315115128,700,953.3438157392725,677,0,0
8.391800000071525,840.5409238014466,700,952.9548431665913,677,-0.3889725726811548,0
8.408600000023842,837.3869238014466,700,952.18215268548,677,-0.77269048111134,0
8.425300000071525,834.2139238014466,700,951.0701847730605,677,-1.111967912419459,0
8.442,831.0409238014468,700,949.6705994263017,677,-1.3995853467588404,0
8.459400000095368,827.8679238014466,700,948.0235337148947,677,-1.6470657114069809,0
8.475600000023842,824.7139238014464,700,946.176486691943,677,-1.847047022951756,0
8.492100000023841,821.5409238014468,700,944.1340910038576,677,-2.042395688085321,0
8.5085,818.3679238014466,700,941.9339192610441,677,-2.2001717428134953,0
8.525,815.1949238014467,700,939.59798914306,677,-2.3359301179841623,0
8.542400000095368,811.9269238014466,700,937.0637194187166,677,-2.534269724343403,0
8.558400000095368,808.8679238014466,700,934.6092667068583,677,-2.4544527118582664,0
8.575200000047683,805.6949238014467,700,931.9697664237455,677,-2.6395002831128522,0
8.591800000071526,802.5409238014466,700,929.2735201657198,677,-2.696246258025667,0
8.6085,799.3489238014465,700,926.4776160509338,677,-2.795904114786026,0
8.625300000071526,796.1949238014467,700,923.6628764319307,677,-2.814739619003035,0
8.641800000071525,793.0409238014466,700,920.8010558029804,677,-2.8618206289503405,0
8.6585,789.8869238014466,700,917.8986878521345,677,-2.902367950845928,0
8.675100000023843,786.7139238014466,700,914.9423498503804,677,-2.956338001754034,0
8.692,783.5219238014466,700,911.9365445514552,677,-3.0058052989252246,0
8.7085,780.3679238014464,700,908.9433496340574,677,-2.9931949173977728,0
8.725100000023842,777.2139238014464,700,905.9278389199513,677,-3.0155107141060853,0
8.742,774.0409238014468,700,902.8735155981916,677,-3.054323321759739,0
8.758800000071526,770.8109238014467,700,899.7434895624258,677,-3.130026035765809,0
8.775300000071526,767.7139238014465,700,896.7376215013256,677,-3.005868061100159,0
8.791900000095367,764.5409238014468,700,893.6400679592336,677,-3.097553542091987,0
8.809200000047683,761.3869238014466,700,890.551878002109,677,-3.088189957124655,0
8.825300000071525,758.1569238014467,700,887.37469961964,677,-3.1771783824690374,0
8.842100000023843,755.0219238014467,700,884.2900167170098,677,-3.0846829026301066,0
8.858800000071525,751.8679238014466,700,881.1783808210402,677,-3.111635895969698,0
8.875300000071526,748.6759238014469,700,878.0207403336934,677,-3.1576404873467254,0
8.892600000023842,745.5219238014466,700,874.8984570837662,677,-3.12228324992725,0
8.908600000023842,742.3679238014466,700,871.7717723277707,677,-3.126684755995484,0
8.925300000071525,739.1759238014469,700,868.6010267469414,677,-3.170745580829248,0
8.942800000071525,736.0219238014466,700,865.4676017143821,677,-3.1334250325593302,0
8.958600000023841,732.8869238014468,700,862.3514683243118,677,-3.116133390070331,0
8.975200000047684,729.7139238014466,700,859.1923945211191,677,-3.159073803192655,0
8.992100000023841,726.5219238014466,700,856.0111776366999,677,-3.1812168844192,0
9.008400000095367,723.3679238014464,700,852.8688500359423,677,-3.1423276007576533,0
9.025100000023842,720.1949238014467,700,849.704699157716,677,-3.1641508782262235,0
9.042300000071526,716.9459238014467,700,846.4583362905515,677,-3.246362867164521,0
9.058700000047684,713.7919238014466,700,843.312794837327,677,-3.145541453224496,0
9.075300000071525,710.6949238014469,700,840.2266542890077,677,-3.0861405483193494,0
9.092400000095367,707.4269238014468,700,836.9568646311228,677,-3.2697896578848713,0
9.1085,704.386923801447,700,833.9299590402845,677,-3.0269055908382825,0
9.125,701.2139238014469,700,830.7599318421965,677,-3.1700271980880643,0
9.141800000071525,698.040923801447,700,827.5894897890156,677,-3.1704420531808637,0
9.158400000095368,694.8679238014469,700,824.4186907738513,677,-3.1707990151643344,0
9.175200000047683,691.7139238014466,700,821.267826660184,677,-3.1508641136672395,0
9.192200000047684,688.540923801447,700,818.0962828835958,677,-3.171543776588237,0
9.2085,685.3869238014469,700,814.9447814978606,677,-3.1515013857351732,0
9.225200000047684,682.1949238014471,700,811.752424695178,677,-3.1923568026826388,0
9.241900000095367,679.0409238014469,700,808.6006260785899,677,-3.151798616588053,0
9.2585,675.8679238014469,700,805.428272992019,677,-3.172353086570979,0
9.275100000023842,672.7139238014466,700,802.2760791017726,677,-3.1521938902463944,0
9.291800000071525,669.540923801447,700,799.1033836953329,677,-3.1726954064396296,0
9.3085,666.3679238014469,700,795.9306457828015,677,-3.1727379125313746,0
9.325100000023841,663.2139238014466,700,792.7781226074612,677,-3.1525231753403204,0
9.341800000071526,660.040923801447,700,789.6051420293996,677,-3.1729805780615834,0
9.358600000023841,656.8679238014469,700,786.4321587410025,677,-3.1729832883971767,0
9.375200000047684,653.7139238014466,700,783.2794256042163,677,-3.152733136786196,0
9.391800000071525,650.540923801447,700,780.1062631927006,677,-3.1731624115157047,0
9.408600000023842,647.3299238014471,700,776.8925760536746,677,-3.2136871390259785,0
9.425200000047683,644.1949238014472,700,773.7603002056208,677,-3.132275848053837,0
9.441800000071526,641.0219238014471,700,770.5871552935034,677,-3.1731449121173227,0
9.458700000047683,637.8679238014469,700,767.4342838597016,677,-3.1528714338018062,0
9.475100000023842,634.6949238014472,700,764.2610016784637,677,-3.173282181237937,0
9.492,631.5409238014471,700,761.1080127872135,677,-3.1529888912501747,0
9.508700000047684,628.3679238014471,700,757.9346288839972,677,-3.1733839032162905,0
9.525100000023842,625.2139238014469,700,754.7815529520207,677,-3.1530759319765593,0
9.541700000047683,622.0409238014472,700,751.6080936686993,677,-3.1734592833213355,0
9.559100000023841,618.8679238014471,700,748.4346984784557,677,-3.173395190243582,0
9.575400000095367,615.6949238014472,700,745.2613584370889,677,-3.173340041366828,0
9.592100000023843,612.5409238014471,700,742.1083200365022,677,-3.1530384005867518,0
9.6085,609.3869238014471,700,738.9551481895301,677,-3.1531718469721,0
9.625100000023842,606.1949238014473,700,735.7613366885757,677,-3.1938115009543253,0
9.642100000023841,603.0219238014471,700,732.5880471350576,677,-3.1732895535180887,0
9.658700000047684,599.8299238014471,700,729.3945304630041,677,-3.1935166720535335,0
9.675200000047683,596.7139238014466,700,726.2822104415372,677,-3.1123200214668714,0
9.691700000047684,593.5409238014468,700,723.1086594054241,677,-3.1735510361131674,0
9.708400000095368,590.3679238014466,700,719.9351852665088,677,-3.173474138915253,0
9.725100000023842,587.2139238014464,700,716.7820321223022,677,-3.1531531442066125,0
9.741900000095367,584.0219238014466,700,713.588236908395,677,-3.193795213907265,0
9.758600000023842,580.8489238014464,700,710.4149612792207,677,-3.1732756291742135,0
9.775100000023842,577.6949238014465,700,707.2619779943936,677,-3.152983284827087,0
9.791800000071525,574.5409238014464,700,704.1088536144669,677,-3.153124379926794,0
9.808400000095368,571.3679238014464,700,700.9353523736414,677,-3.1735012408254306,0
9.825300000071525,568.1949238014465,700,697.7619210810724,677,-3.1734312925690347,0
9.841800000071526,565.0409238014464,700,694.608804599317,677,-3.1531164817554327,0
9.858800000071525,561.8679238014464,700,691.4353101985653,677,-3.1734944007516788,0
9.875200000047684,558.6949238014465,700,688.2618847915364,677,-3.1734254070288443,0
9.892,555.4839238014463,700,685.0479688487837,677,-3.213915942752692,0
9.909300000071525,552.2729238014464,700,681.8344643385957,677,-3.213504510188045,0
9.925600000023842,549.1759238014466,700,678.7427745590181,677,-3.091689779577564,0
9.941900000095368,546.0409238014468,700,675.6099193172569,677,-3.1328552417612627,0
9.9585,542.8679238014466,700,672.4362693573969,677,-3.173649959859972,0
9.975100000023842,539.6949238014467,700,669.262710099564,677,-3.173559257832949,0
9.9925,536.4649238014467,700,666.0283818153657,677,-3.2343282841982273,0
10.0085,533.3679238014465,700,662.9364304018435,677,-3.0919514135222244,0
10.025200000047684,530.2139238014464,700,659.7831044634282,677,-3.1533259384152643,0
10.041700000047683,527.0409238014468,700,656.6094286663838,677,-3.1736757970444387,0
10.058400000095368,523.8869238014466,700,653.4561029688077,677,-3.153325697576065,0
10.075100000023841,520.7139238014466,700,650.2824273803376,677,-3.1736755884701324,0
10.092200000047685,517.5409238014469,700,647.108846070372,677,-3.1735813099655843,0
10.1085,514.3679238014468,700,643.9353458823265,677,-3.173500188045523,0
10.1255,511.1759238014469,700,640.7416469645317,677,-3.1936989177947908,0
10.142300000071526,507.98392380144674,700,637.5481864461082,677,-3.193460518423535,0
10.159200000047683,504.88692380144687,700,634.456125243139,677,-3.0920612029691483,0
10.175800000071526,501.6189238014467,700,631.1809617437364,677,-3.2751634994026517,0
10.192200000047684,498.48392380144674,700,628.0487706704495,677,-3.13219107328689,0
10.208700000047683,495.31092380144696,700,624.8756996550701,677,-3.173071015379378,0
10.2255,492.099923801447,700,621.662092029859,677,-3.213607625211125,0
10.242100000023841,489.04092380144687,700,618.6106954945554,677,-3.0513965353035246,0
10.258800000071526,485.81092380144685,700,615.3760855418175,677,-3.2346099527379693,0
10.2755,482.71392380144664,700,612.2839016599397,677,-3.0921838818777587,0
10.293200000047683,479.38892380144665,700,608.9475725340368,677,-3.336329125902921,0
10.3085,476.36792380144664,700,605.9369692122605,677,-3.0106033217763297,0
10.3255,473.1759238014468,700,602.7430425019041,677,-3.1939267103563225,0
10.342600000023841,469.88892380144665,700,599.4478418888159,677,-3.295200613088241,0
10.358600000023841,466.86792380144664,700,596.437202653266,677,-3.0106392355498883,0
10.375400000095368,463.69492380144686,700,593.2635131538104,677,-3.173689499455577,0
10.392300000071526,460.5029238014466,700,590.0696504395154,677,-3.193862714295051,0
10.409200000047683,457.25392380144655,700,586.8151639135169,677,-3.254486525998459,0
10.425800000071526,454.15692380144674,700,583.7235151260387,677,-3.0916487874782206,0
10.442400000095368,450.9649238014469,700,580.5299327834999,677,-3.1935823425387753,0
10.459100000023842,447.8489238014467,700,577.4175575540683,677,-3.1123752294316773,0
10.475700000047684,444.6569238014469,700,574.2236886093406,677,-3.193868944727683,0
10.492200000047683,441.521923801447,700,571.0908452286342,677,-3.1328433807063902,0
10.509200000047684,438.2729238014469,700,567.8360456329831,677,-3.254799595651093,0
10.525200000047684,435.19492380144715,700,564.7643371322151,677,-3.0717085007679543,0
10.5425,431.907923801447,700,561.468805669913,677,-3.295531462302165,0
10.558900000095367,428.84892380144686,700,558.4175826532465,677,-3.0512230166664267,0
10.5755,425.6379238014469,700,555.2034271462584,677,-3.2141555069881633,0
10.592100000023843,422.5219238014469,700,552.0909840784692,677,-3.1124430677891723,0
10.608700000047683,419.4799765784599,699.866314424674,548.9356135220503,677,-3.155370556418916,0
10.625700000047683,416.5469473069508,699.6021582796412,545.7939406444203,677,-3.141672877629958,0
10.642700000047684,413.78387630818895,699.2227403738184,542.7565519238435,677,-3.037388720576814,0
10.659200000047683,411.0720802463785,698.7135257538035,539.6969247138097,677,-3.0596272100337956,0
10.679300000071526,407.9775189770077,697.9366895315286,536.0701754189943,677,-3.626749294815454,0
10.709100000023842,403.79029470767756,696.4790363296585,530.8596379378645,677,-5.210537481129791,0
10.725,401.5514733544308,695.569090971263,528.1951113637998,677,-2.6645265740646664,0
10.7415,399.39156721937525,694.5590971617611,525.5856411795678,677,-2.609470184232009,0
10.758700000047684,397.2845129794094,693.436979770846,523.0033956608212,677,-2.5822455187466176,0
10.775,395.3113001077778,692.2555713207706,520.5618866013624,677,-2.441509059458781,0
10.791600000023841,393.3966559561919,690.975543750574,518.1664752791606,677,-2.395411322201767,0
10.809100000023841,391.4980223738221,689.5629729378537,515.7631493424751,677,-2.403325936685519,0
10.825100000023841,389.8116072917126,688.1853608515772,513.6238521161191,677,-2.139297226356007,0
10.842200000047685,388.0950988402489,686.6447389928818,511.42078356894916,677,-2.2030685471699485,0
10.858700000047683,386.5156520635133,685.0996475151554,509.3870231569284,677,-2.03376041202074,0
10.875200000047684,384.9553862784488,683.4380625871684,507.361914482507,677,-2.0251086744214035,0
10.892100000023841,383.45141955002913,681.6995949550073,505.3991768408666,677,-1.9627376416404445,0
10.909,382.01846400439365,679.907953456061,503.5215382983189,677,-1.877638542547686,0
10.925200000047683,380.6920823445724,678.1236033070047,501.78097309105686,677,-1.7405652072620228,0
10.941800000071526,379.3812366633787,676.2264677704187,500.05058742685173,677,-1.73038566420513,0
10.959,378.11732625615025,674.2620025877628,498.3760614590483,677,-1.6745259678034472,0
10.975300000071526,376.92665481445374,672.2808023075107,496.7960434241922,677,-1.5800180348560957,0
10.992600000023842,375.77132477121336,670.2247222534943,495.2575417616547,677,-1.5385016625374988,0
11.008400000095367,374.6700670216306,668.1327491034333,493.7882602555619,677,-1.4692815060927842,0
11.025200000047684,373.60793387225334,665.9814123187255,492.3675937008049,677,-1.4206665547570196,0
11.041900000095367,372.5955111721911,663.7986406877559,491.01146861074665,677,-1.3561250900582422,0
11.0585,371.6190570120949,661.559731237591,489.7007557195966,677,-1.3107128911500467,0
11.075600000023842,370.67756512419925,659.2657294721863,488.43458323344254,677,-1.266172486154062,0
11.091800000071526,369.78547920905436,656.9599856286627,487.2640702016949,677,-1.170513031747646,0
11.108900000095367,368.92015313926805,654.5881498118428,486.2447449719287,677,-1.0193252297661957,0
11.125300000071526,368.1002361449863,652.2086563567941,485.37812771683997,677,-0.8666172550887268,0
11.142700000047684,367.2913251301576,649.7210786872729,484.6109794919682,677,-0.7671482248717894,0
11.1585,366.5557115957734,647.332947487714,483.98541044959774,677,-0.6255690423704436,0
11.1755,365.82871434167623,644.8391030200472,483.4292456352745,677,-0.5561648143232105,0
11.192200000047684,365.13974288750353,642.3451311635523,482.95600976219606,677,-0.4732358730784654,0
11.209,364.45590015897636,639.7296996805364,482.53435788608465,677,-0.42165187611141164,0
11.225400000095368,363.8266625867485,637.1940882354702,482.1865835558771,677,-0.34777433020752824,0
11.241700000047684,363.2194290798907,634.6165769823641,481.88483504084496,677,-0.30174851503215905,0
11.258400000095367,362.63021942123333,631.981885602061,481.6218059391304,677,-0.26302910171455096,0
11.275800000071525,362.045936830624,629.2259789007585,481.38796730396024,677,-0.2338386351701729,0
11.291600000023841,361.5269620362418,626.6551813974115,481.2018238832059,677,-0.18614342075431978,0
11.308900000095367,361.0046771285342,623.932729664378,481.03317884373456,677,-0.16864503947135745,0
11.325700000047684,360.4983867831214,621.1552239999331,480.8866014737554,677,-0.1465773699791839,0
11.341900000095368,360.0297835849992,618.4554464209921,480.7649386117779,677,-0.12166286197748377,0
11.358800000071525,359.57494135301414,615.7028275962474,480.6587839164252,677,-0.10615469535269995,0
11.375200000047684,359.13122889816935,612.8807264109237,480.56583107781296,677,-0.09295283861223425,0
11.392,358.7108770234202,610.0735176765561,480.4868692392997,677,-0.07896183851323713,0
11.408900000095368,358.31251177406335,607.282572161223,480.41968128776745,677,-0.06718795153227575,0
11.425300000071525,357.92818832421284,604.4578807327629,480.3614398307901,676.6472162704187,-0.058241456977327744,-0.35278372958134696
11.442200000047684,357.5575188089937,601.5998570957379,480.311000831113,675.9428563020514,-0.050438999677112406,-0.704359968367271
11.458800000071525,357.2041975407054,598.7434732989672,480.2678415527436,674.9437587304915,-0.043159278369387266,-0.9990975715599006
11.474900000095367,356.8653837535594,595.8722507987362,480.23067172238535,673.6848561910489,-0.037169830358266154,-1.2589025394426017
11.492100000023841,356.53860707032584,592.9693492084591,480.1984814380288,672.189505078103,-0.03219028435654536,-1.4953511129458548
11.508300000071525,356.22712434130017,590.0701878572629,480.1709370883742,670.5076414518563,-0.027544349654590405,-1.6818636262466953
11.525200000047684,355.92498514020053,587.1227352406046,480.1469504690211,668.6294144771225,-0.023986619353138394,-1.8782269747338205
11.542300000071526,355.6387010742628,584.1978312023545,480.12655735246153,666.6266651029874,-0.020393116559546343,-2.002749374135078
11.558900000095367,355.35942224580896,581.2076605422939,480.10870041202134,664.4510803524233,-0.017856940440196922,-2.1755847505640986
11.5755,355.0933298260437,578.2234163338433,480.0934471078292,662.1739455099696,-0.01525330419212878,-2.2771348424537337
11.592,354.84556982604374,575.3172845283299,480.08069653072414,659.8739047642166,-0.01275057710506644,-2.3000407457529946
11.608900000095367,354.6022140482048,572.3291270203543,480.069435313945,657.4255275695306,-0.01126121677913261,-2.4483771946860315
11.625,354.37024792058713,569.3486999385451,480.05979939743474,654.9169077919904,-0.009635916510262632,-2.5086197775401615
11.6425,354.1375569674387,566.2140886339681,480.0511312361068,652.2058595088415,-0.008668161327932467,-2.711048283148898
11.658300000071526,353.93329547281843,563.3410251408169,480.0443137753441,649.6905620529001,-0.006817460762704286,-2.515297455941436
11.675400000095367,353.7264383048414,560.296194679146,480.038095477891,646.9690619254909,-0.006218297453131072,-2.721500127409172
11.691700000047684,353.5315677499256,557.2972323194241,480.03283830221517,644.2543495809106,-0.005257175675808412,-2.7147123445803345
11.708700000047683,353.341397108575,554.2353420996124,480.0282302919646,641.4451972965884,-0.0046080102505925424,-2.809152284322181
11.725,353.16120591117425,551.202005715584,480.02431262066773,638.6359394003856,-0.003917671296846947,-2.80925789620278
11.7415,352.98841342036974,548.1610963563519,480.02093862594387,635.7945339695866,-0.0033739947238586865,-2.841405430799
11.758600000023842,352.8217597622988,545.0945364054166,480.01801663656346,632.9058452266414,-0.0029219893804111052,-2.8886887429451917
11.775,352.66198931402613,542.0209474179038,480.01550241137744,629.9913536180975,-0.002514225186018848,-2.9144916085439263
11.791700000047683,352.5088177818993,538.940619710473,480.013339046812,627.0537195492441,-0.0021633645654333122,-2.937634068853413
11.809,352.3594479003838,535.7983175301287,480.01144663253,624.0382097517816,-0.0018924142819969347,-3.015509797462528
11.825200000047683,352.2211967865409,532.7608980910117,480.00987588161786,621.1184552640393,-0.0015707509121511976,-2.919754487742239
11.842300000071525,352.0839107895206,529.6062557020347,480.00847478754537,618.066513527729,-0.00140109407249156,-3.0519417363103685
11.858900000095367,351.95535942155203,526.5202003011153,480.00729869514237,615.0764143467911,-0.0011760924029999842,-2.9900991809378183
11.875600000023843,351.83422248524323,523.4846517976167,480.0063028101188,612.1302832185792,-0.0009958850235420869,-2.9461311282119595
11.891900000095367,351.71523889886754,520.3693781239829,480.0054232517236,609.0935446205098,-0.000879558395240565,-3.0367385980694053
11.909100000023843,351.5992084332031,517.1929973210727,480.00465385349287,605.9865078826559,-0.0007693982307159786,-3.107036737853832
11.925100000023843,351.49181502192704,514.1240359976068,480.00401523382897,602.9864554598114,-0.000638619663902773,-3.000052422844533
11.941700000047684,351.3875753174585,511.013074850306,480.00345801797226,599.9370898132672,-0.0005572158567019869,-3.0493656465441745
11.959,351.28415956932787,507.78507254185706,480.0029620914345,596.7601909891841,-0.0004959265377806332,-3.176898824083082
11.975,351.19121503497007,504.75947656302355,480.00256253136536,593.7924882120188,-0.0003995600691268919,-2.9677027771653
11.992300000071525,351.0966703913523,501.5417678668282,480.0021970061321,590.6185954534882,-0.0003655252332350756,-3.1738927585306556
12.0085,351.0106926778909,498.4896646663329,480.00189893952296,587.6163756289766,-0.0002980666091616513,-3.0022198245115987
12.025300000071526,350.92572202594073,495.3396253369409,480.00163394213797,584.5076507318596,-0.00026499738498841907,-3.1087248971169856
12.042300000071526,350.84426087285675,492.1860048765396,480.00140592519034,581.3926606500307,-0.0002280169476307492,-3.1149900818288643
12.059100000023841,350.76392756007044,488.93441514070116,480.0012042965066,578.1718445557042,-0.000201628683726085,-3.220816094326551
12.075300000071525,350.69172828205603,485.8876200457267,480.0010418475053,575.1658987630258,-0.00016244900132278417,-3.0059457926784034
12.092200000047685,350.6182860397931,482.6483472748453,480.0008932360356,571.953944610556,-0.00014861146968314642,-3.2119541524697297
12.108700000047683,350.551103287979,479.5576711756842,480.00077135666226,568.8980403891125,-0.00012187937335284005,-3.0559042214435976
12.125,350.4854933592414,476.40722853734763,480.0006643112991,565.7768679922722,-0.00010704536316552549,-3.1211723968402794
12.142100000023841,350.4222143673189,473.2350267176117,480.00057160652625,562.6311495962431,-0.00009270477283962464,-3.1457183960291104
12.158600000023842,350.3619435009289,470.08160263850897,480.0004922815769,559.5018262090031,-0.00007932494935403156,-3.1293233872399924
12.175200000047683,350.3038616548436,466.90913427788604,480.00042358358576,556.3490115938359,-0.0000686979911392882,-3.152814615167131
12.191700000047684,350.2485437359155,463.75561942492493,480.00036480058566,553.213603567955,-0.000058783000099538185,-3.1354080258809063
12.208300000071526,350.19523500955364,460.58306726937343,480.000313892592,550.0555077638435,-0.00005090799368190346,-3.1580958041115537
12.225200000047684,350.144170146144,457.4104782036853,480.00027008881887,546.8953894222205,-0.000043803773110084876,-3.1601183416229333
12.241800000071526,350.0952547202878,454.23785526972136,480.00023239787095,543.7335260622698,-0.000037690947920054896,-3.1618633599507575
12.258800000071526,350.0483982773831,451.06520125868275,480.0001999667022,540.5701568648313,-0.000032431168733637605,-3.163369197438442
12.2755,350.00377168572857,447.91151698987665,480.0001722162344,537.4256940595857,-0.000027750467836540338,-3.1444628052456665
12.292300000071526,349.96076606194464,444.73880844411894,480.0001481834249,534.2597346971885,-0.000024032809449181514,-3.1659593623971887
12.308800000071525,349.9190983542542,441.5280788070839,480.00012727509727,531.0523522935505,-0.00002090832765588857,-3.2073824036380074
12.325600000023842,349.8798832525691,438.3743226060119,480.00010961243913,527.9051986584574,-0.000017662658137851395,-3.1471536350931046
12.341700000047684,349.84274338184576,435.25854395052266,480.00009457099895,524.7975376545648,-0.000015041440178720222,-3.107661003892531
12.358300000071525,349.80651610824987,432.0857507671196,480.0000813735974,521.6281033147516,-0.000013197401528941555,-3.1694343398132787
12.375200000047684,349.77181381394666,428.9129405378798,480.00007001789584,518.4581978689032,-0.000011355701587945077,-3.1699054458483715
12.391800000071525,349.73876303237665,425.7591137122856,480.00006030113127,515.308122390519,-0.000009716764566292113,-3.150075478384224
12.408400000095368,349.70691280957,422.58627357081804,480.0000518860965,512.1372839060748,-0.00000841503475612626,-3.1708384844441753
12.425,349.67640333325176,419.4134202537148,480.00004464538154,508.96616425133595,-0.000007240714978706819,-3.1711196547388454
12.441700000047684,349.64734584559255,416.25955410842397,480.0000384496989,505.8150443508635,-0.000006195682658471924,-3.1511199004724517
12.459,349.61902280154885,413.04867902440475,480.00003302453814,502.6027645285798,-0.000005425160736649559,-3.2122798222836764
12.475400000095368,349.592366930705,409.8947916667855,480.0000284415432,499.45145551618964,-0.00000458299496131076,-3.151309012390186
12.491800000071526,349.5668267253884,406.74089507718196,480.0000244945554,496.29978741162324,-0.000003946987760627962,-3.1516681045663972
12.509,349.54179107425966,403.5109921039995,480.00002101950605,493.06673468174745,-0.000003475049368262262,-3.2330527298757943
12.525900000095367,349.5182325347623,400.3380795626241,480.00001808622983,489.89494637687636,-0.000002933276221028791,-3.171788304871086
12.542200000047684,349.49592473597994,397.2031589317128,480.00001559033024,486.76347987215524,-0.0000024958995936685824,-3.131466504721118
12.5585,349.47454523510595,394.0682318325696,480.00001343886476,483.63153580542865,-0.000002151465480437764,-3.1319440667265894
12.575600000023842,349.4535798312914,390.85730027742204,480.000011542673,480.4181455164865,-0.0000018961917476190138,-3.2133902889421506
12.592,349.4338485234117,387.70336199719367,480.0000099408334,477.26589135207917,-0.0000016018395854189293,-3.1522541644073385
12.609,349.4151614229198,384.58741803231317,480.00000857671404,474.15386407597293,-0.0000013641193845614907,-3.1120272761062324
12.625,349.3969335389567,381.4144703894667,480.0000073798319,470.9805772019058,-0.0000011968821240770922,-3.1732868740671165
12.641700000047683,349.379472988125,378.24151843124775,480.0000063499749,467.80733706541105,-0.0000010298570032318821,-3.173240136494769
12.658600000023842,349.362747469176,375.0685625133351,480.00000546383467,464.6341365916755,-8.861402420734521e-7,-3.1732004737355624
12.674900000095368,349.3467260404861,371.89560296209254,480.00000470135546,461.46096973872164,-7.624792033311678e-7,-3.173166852953841
12.692200000047684,349.3314671144888,368.74163987334566,480.0000040489228,458.30808465311884,-6.524326749968168e-7,-3.1528850856028043
12.708900000095367,349.31659388468285,365.53067431964774,480.00000347762943,455.0942464067014,-5.712933557333599e-7,-3.213838246417424
12.725100000023842,349.30275782052155,362.41470503813554,480.00000300041575,451.9820725688337,-4.77213689009659e-7,-3.112173837867715
12.742200000047683,349.2891070207633,359.2037340548242,480.00000257706427,448.7681033583568,-4.233514800944249e-7,-3.2139692104768756
12.758700000047684,349.2761115275889,356.0117605090133,480.0000022154396,445.57483653142924,-3.616246431192849e-7,-3.1932668269275837
12.775600000023841,349.2636662426452,352.8197847705588,480.0000019045597,442.3817508755281,-3.108798978246341e-7,-3.193085655901143
12.792,349.25215612315435,349.74180629156484,480.00000164616915,439.3102020912881,-2.5839057116172626e-7,-3.071548784240008
12.808900000095367,349.24065992757073,346.5308268712809,480.0000014138986,436.09608660406906,-2.322705654478341e-7,-3.2141154872190327
12.825800000071526,349.2295285894773,343.2818459397714,480.0000012122169,432.8418120407091,-2.0168170067336177e-7,-3.2542745633599566
12.841900000095368,349.21953411977904,340.2418623689975,480.00000104964374,429.8108818964872,-1.6257314428003156e-7,-3.030930144221884
12.858900000095367,349.2094842349922,337.0498781898676,480.0000009023533,426.61696103824085,-1.4729045005879016e-7,-3.193920858246372
12.875400000095368,349.1999696278198,333.89589254116044,480.00000077712883,423.4638346732516,-1.2522446013463195e-7,-3.153126364989248
12.891900000095367,349.1908006542404,330.72290578891506,480.00000066868034,420.29033356202416,-1.0844848929991713e-7,-3.173501111227438
12.908400000095368,349.1821184765153,327.5879178113001,480.00000057640244,417.1574003512119,-9.227790087606991e-8,-3.1329332108122685
12.925,349.17370098549253,324.41492897648783,480.00000049596537,413.9836839851469,-8.043707566685043e-8,-3.17371636606498
12.941800000071526,349.16568410837465,321.26093916520415,480.00000042713754,410.8303249877084,-6.882783054606989e-8,-3.153358997438488
12.958900000095367,349.15778138070044,318.0119487763455,480.0000003662097,407.5754605206204,-6.092784587963251e-8,-3.254864467087998
12.974900000095367,349.15051572597105,314.8959572471111,480.000000315957,404.46329191030276,-5.025270866099163e-8,-3.112168610317667
12.991600000023842,349.14346928318463,311.7419651184519,480.0000002721099,401.3101297003421,-4.3847080632986035e-8,-3.1531622099606693
13.0085,349.1367177740397,308.5879723446611,480.00000023434774,398.15685222851727,-3.776216317419312e-8,-3.153277471824822
13.025100000023842,349.13021152504706,305.4149790152129,480.00000020164447,394.9832193359964,-3.270326942583779e-8,-3.173632892520857
13.041700000047683,349.12397917105955,302.24198513596184,480.00000017350493,391.80967561790305,-2.8139538699178956e-8,-3.173543718093356
13.058300000071526,349.11804343406243,299.0879907214096,480.0000001494267,388.6564637118117,-2.4078246951830806e-8,-3.1532119060913715
13.075200000047683,349.11232332301466,295.9149958773658,480.0000001285742,385.4828873899905,-2.0852496618317673e-8,-3.1735763218212014
13.091900000095368,349.10684401285437,292.74200060835557,480.0000001106316,382.30939215420335,-1.794256831999519e-8,-3.1734952357871293
13.108600000023841,349.1015953665572,289.56900494940595,480.00000009519295,379.1359666344624,-1.5438672562595457e-8,-3.173425519740931
13.125100000023842,349.0965676738349,286.3960089326571,480.00000008190875,375.9626010519491,-1.3284193300933111e-8,-3.173365582513327
13.141700000047683,349.091779264679,283.2420125675453,480.00000007054183,372.8095413009321,-1.1366921626176918e-8,-3.153059751016997
13.158300000071526,349.08716480291224,280.06901592292945,480.0000000606977,369.6360964990931,-9.844143278314732e-9,-3.1734448018389685
13.175100000023843,349.0827699577978,276.9150189848627,480.00000005227434,366.4829688827452,-8.423342023888836e-9,-3.1531276163479447
13.191800000071526,349.0785104764782,273.7230218268408,480.000000044939,363.2891962982215,-7.33535898689297e-9,-3.1937725845236855
13.208700000047683,349.0744080892228,270.5120244474557,480.0000000385982,360.0753917011447,-6.3407696870854124e-9,-3.2138045970767735
13.225200000047684,349.07059177819224,267.396026784464,480.0000000333016,356.9632420766829,-5.29661292603123e-9,-3.1121496244618356
13.241700000047684,349.0668906093079,264.2420289560961,480.0000000286802,353.81009564150236,-4.6214267968025524e-9,-3.153146435180531
13.258400000095367,349.0633443556142,261.08803094974206,480.00000002470006,350.65683102915426,-3.980119345214916e-9,-3.153264612348096
13.275,349.0599269258983,257.91503279008725,480.0000000212532,347.483208599303,-3.4468712328816764e-9,-3.173622429851264
13.291800000071525,349.0566533606792,254.74203447874643,480.0000000182873,344.30967326531265,-2.965862222481519e-9,-3.173535333990344
13.308800000071525,349.05348164873004,251.53103604519916,480.00000001570703,341.0956619081176,-2.5802933123486582e-9,-3.2140113571950337
13.325700000047684,349.0504277892215,248.30103748886165,480.00000001347865,337.86178220055297,-2.228375706181396e-9,-3.233879707564654
13.341700000047684,349.04765316118653,245.24203874720783,480.0000000116605,334.81057785486837,-1.8181367522629444e-9,-3.051204345684596
13.3585,349.04488047884723,242.05003995143244,480.0000000100243,331.6167223601061,-1.6362378119083587e-9,-3.1938554947622606
13.375100000023842,349.04227063099256,238.9150410377653,480.00000000864094,328.48389050040544,-1.3833414413966238e-9,-3.132831859700673
13.391700000047683,349.03974034786637,235.7420420466422,480.0000000074351,325.3102610630831,-1.2058194442943204e-9,-3.1736294373223473
13.408400000095368,349.03731658280395,232.56904297236503,480.00000000639756,322.13671959304804,-1.0375629244663287e-9,-3.1735414700350475
13.425100000023843,349.03499292525555,229.6607822121927,480.0000000055048,319.0001980983986,-8.927827366278507e-10,-3.1365214946494575
13.441700000047684,349.03277802060774,227.020757934175,480.00000000474085,315.94999153445895,-7.639187060703989e-10,-3.050206563939639
13.4585,349.0306540606335,224.62125658429312,480.00000000408295,312.9900868754031,-6.57905729894992e-10,-2.9599046590558373
13.475100000023842,349.0286055590022,222.44068836512773,480.00000000351315,310.1224142601334,-5.697984306607395e-10,-2.8676726152697256
13.491700000047684,349.02664166557355,220.48386860202822,480.0000000030229,307.3818513400402,-4.902744876744691e-10,-2.7405629200931685
13.508700000047684,349.0247588858189,218.74155592830087,480.00000000260104,304.7805944387222,-4.218350113660563e-10,-2.601256901318038
13.525100000023842,349.0229642247975,217.21291049247782,480.0000000022401,302.34263130200554,-3.609557097661309e-10,-2.4379631367166326
13.541800000071525,349.02123332305035,215.87225911839548,480.0000000019275,300.04418761516837,-3.1258196031558327e-10,-2.2984436868371745
13.5585,349.0195739118424,214.720665549573,480.0000000016585,297.9057870885047,-2.6898305804934353e-10,-2.138400526663645
13.575100000023841,349.0179830384368,213.75032122931478,480.00000000142705,295.93038903583243,-2.3146640160121024e-10,-1.9753980526722899
13.591900000095368,349.01646662182776,212.95751412528634,480.000000001229,294.1300725623617,-1.9804247131105512e-10,-1.8003164734707298
13.608700000047683,349.0150040792492,212.32655881016737,480.0000000010575,292.4828898901192,-1.7149659470305778e-10,-1.6471826722424794
13.625900000095367,349.0136019433099,211.85534909124354,480.00000000090995,290.9998144754613,-1.475655153626576e-10,-1.4830754146579466
13.642,349.0122577190657,211.53728707882132,480.00000000078296,289.67931691087233,-1.269881977350451e-10,-1.3204975645889476
13.658400000095368,349.0109764078294,211.3662338628902,480.00000000067433,288.52566512128743,-1.0862777344300412e-10,-1.1536517895848988
13.675,349.0097477076309,211.3343268555516,480.00000000058077,287.5276839617236,-9.356426744488999e-11,-0.9979811595638353
13.691900000095368,349.00856265970555,211.43723899005084,480.0000000004997,286.67776116464796,-8.105871529551223e-11,-0.8499227970756351
13.708400000095368,349.0074330749439,211.66745729335673,480.00000000043036,285.982454021183,-6.934897101018578e-11,-0.6953071434649587
13.725200000047684,349.00634362116176,212.02318216114372,480.0000000003703,285.42993685218823,-6.008349373587407e-11,-0.5525171689947683
13.742,349.0052991645255,212.4979002841256,480.0000000003186,285.02077057080055,-5.1670667744474486e-11,-0.40916628138768374
13.758400000095367,349.0043035910342,213.08252313923325,480.0000000002744,284.7517894232312,-4.4224179873708636e-11,-0.2689811475693773
13.775200000047684,349.00334338747774,213.7800615587537,480.00000000023607,284.61618460807983,-3.83124643121846e-11,-0.13560481515133915
13.791800000071525,349.0024228427117,214.58247548522593,480.0000000002031,284.6114804933368,-3.296918293926865e-11,-0.004704114743049104
13.808400000095368,349.00154031872995,215.48543329985802,480.00000000017474,284.6114804933368,-2.83648660115432e-11,0
13.825200000047683,349.00069909904573,216.47825317353005,480.00000000015046,284.6114804933368,-2.4272139853565022e-11,0
13.841700000047684,348.99989242010327,217.5624302648258,480.0000000001296,284.6114804933368,-2.086153472191654e-11,0
13.858300000071525,348.99910993905854,218.7493425908234,480.0000000001114,284.6114804933368,-1.8189894035458565e-11,0
13.875,348.9983642416772,220.014144912389,480.00000000009584,284.6114804933368,-1.5575096767861396e-11,0
13.891600000023843,348.9976575482114,221.34336002480188,480.0000000000826,284.6114804933368,-1.3244516594568267e-11,0
13.9085,348.9969678988711,222.77577418009776,480.000000000071,284.6114804933368,-1.1596057447604835e-11,0
13.925300000071525,348.99631443974863,224.26514330863625,480.00000000006116,284.6114804933368,-9.833911462919787e-12,0
13.941800000071526,348.9956841961967,225.83528490316345,480.00000000005264,284.6114804933368,-8.526512829121202e-12,0
13.9585,348.995079983268,227.47426132726602,480.0000000000453,284.6114804933368,-7.332801033044234e-12,0
13.975200000047684,348.9945007258332,229.179229531599,480.000000000039,284.6114804933368,-6.30961949354969e-12,0
13.991800000071526,348.99394857907413,230.93652373195533,480.0000000000336,284.6114804933368,-5.4001247917767614e-12,0
14.008400000095367,348.9934160485414,232.76507177169,480.00000000002893,284.6114804933368,-4.661160346586257e-12,0
14.025200000047684,348.9929084417501,234.64016196655376,480.0000000000249,284.6114804933368,-4.035882739117369e-12,0
14.041600000023841,348.992418868805,236.58232103938022,480.00000000002143,284.6114804933368,-3.467448550509289e-12,0
14.058900000095367,348.99194682518504,238.59019767529932,480.0000000000184,284.6114804933368,-3.0127011996228248e-12,0
14.0755,348.99149955264863,240.6248311659196,480.00000000001586,284.6114804933368,-2.5579538487363607e-12,0
14.092,348.9910706452617,242.70804468309655,480.00000000001364,284.6114804933368,-2.2168933355715126e-12,0
14.1085,348.9906569757516,244.85093304011727,480.00000000001177,284.6114804933368,-1.8758328224066645e-12,0
14.125400000095368,348.99026266699434,247.02565165063848,480.0000000000101,284.6114804933368,-1.6484591469634324e-12,0
14.141800000071525,348.9898823669216,249.25679418159336,480.0000000000087,284.6114804933368,-1.4210854715202004e-12,0
14.1585,348.9895156836219,251.54330712496304,480.0000000000075,284.6114804933368,-1.1937117960769683e-12,0
14.175100000023843,348.9891682424902,253.8419551318212,480.0000000000065,284.6114804933368,-1.0231815394945443e-12,0
14.191600000023842,348.98883506739946,256.1783426471032,480.00000000000557,284.6114804933368,-9.094947017729282e-13,0
14.208300000071526,348.9885155725815,258.55092007485786,480.0000000000048,284.6114804933368,-7.958078640513122e-13,0
14.225100000023842,348.9882056616296,260.9875846730659,480.0000000000041,284.6114804933368,-6.821210263296962e-13,0
14.242200000047683,348.9879052414555,263.48805520769963,480.0000000000035,284.6114804933368,-5.684341886080801e-13,0
14.258400000095367,348.9876288095655,265.91635229741826,480.00000000000307,284.6114804933368,-4.547473508864641e-13,0
14.275600000023841,348.9873588492539,268.4199229569608,480.0000000000027,284.6114804933368,-3.979039320256561e-13,0
14.292600000023842,348.9870880453963,271.0761878040109,480.0000000000023,284.6114804933368,-3.979039320256561e-13,0
14.308600000023842,348.9868488928437,273.54492129951933,480.000000000002,284.6114804933368,-2.8421709430404007e-13,0
14.325,348.9866095871057,276.1489216777913,480.0000000000017,284.6114804933368,-2.8421709430404007e-13,0
14.341700000047684,348.9863814814661,278.76317113043024,480.0000000000015,284.6114804933368,-2.2737367544323206e-13,0
14.358700000047683,348.9861576972839,281.466320534965,480.00000000000125,284.6114804933368,-2.2737367544323206e-13,0
14.375400000095368,348.9859505711073,284.09727677154774,480.0000000000011,284.6114804933368,-1.7053025658242404e-13,0
14.392,348.9857483673533,286.79939303290496,480.0000000000009,284.6114804933368,-1.7053025658242404e-13,0
14.4085,348.98555562723334,289.50716630346636,480.0000000000008,284.6114804933368,-1.1368683772161603e-13,0
14.4255,348.9853633474621,292.35171925673353,480.0000000000007,284.6114804933368,-1.1368683772161603e-13,0
14.441800000071526,348.98519255963384,295.0012546364532,480.00000000000057,284.6114804933368,-1.1368683772161603e-13,0
14.458600000023841,348.98502166241025,297.78617270866874,480.0000000000005,284.6114804933368,-5.684341886080802e-14,0
14.475200000047684,348.98485782366623,300.58975232623266,480.00000000000045,284.6114804933368,-5.684341886080802e-14,0
14.492300000071525,348.98470165297914,303.3942402178457,480.0000000000004,284.6114804933368,-5.684341886080802e-14,0
14.508700000047684,348.9845501669345,306.2498592887621,480.00000000000034,284.6114804933368,-5.684341886080802e-14,0
14.525300000071526,348.98440745894976,309.07057436281644,480.0000000000003,284.6114804933368,-5.684341886080802e-14,0
14.541900000095367,348.9842689868099,311.9412508109836,480.0000000000002,284.6114804933368,-5.684341886080802e-14,0
14.558600000023842,348.98413699550764,314.8096952361485,480.00000000000017,284.6114804933368,-5.684341886080802e-14,0
14.575400000095367,348.9840089635401,317.72735234048315,480.00000000000017,284.6114804933368,0,0
14.591900000095368,348.98388765021133,320.6240244234503,480.00000000000017,284.6114804933368,0,0
14.608400000095367,348.9837706468051,323.5514714441427,480.00000000000017,284.6114804933368,0,0
14.625100000023842,348.98365847592993,326.4916932107814,480.00000000000017,284.6114804933368,0,0
14.641800000071525,348.9835515549282,329.4264280620997,480.00000000000017,284.6114804933368,0,0
14.658600000023842,348.98344843252994,332.3905855877018,480.00000000000017,284.6114804933368,0,0
14.675,348.9833495693427,335.36600162426316,480.00000000000017,284.6114804933368,0,0
14.691700000047684,348.9832553331962,338.3342835669257,480.00000000000017,284.6114804933368,0,0
14.708600000023841,348.98316444499585,341.3307963497738,480.00000000000017,284.6114804933368,0,0
14.725100000023842,348.9830778105873,344.31918765899735,480.00000000000017,284.6114804933368,0,0
14.742100000023841,348.9829918609752,347.42558897512185,480.00000000000017,284.6114804933368,0,0
14.758600000023842,348.98291277483077,350.4144986455997,480.00000000000017,284.6114804933368,0,0
14.7755,348.9828373575303,353.39377474073666,480.00000000000017,284.6114804933368,0,0
14.792300000071526,348.982762888438,356.4724305915051,480.00000000000017,284.8740561115746,0,0.26257561823780406
14.8085,348.98269355481733,359.46780226717584,480.00000000000017,285.504427615607,0,0.6303715040324391
14.825100000023841,348.9826258689333,362.52567351343197,480.00000000000017,286.4842438655182,0,0.9798162499111527
14.841700000047684,348.98256135091555,365.5725515587417,480.00000000000017,287.7454777993149,0,1.2612339337967455
14.858300000071525,348.98249912504207,368.6448681450727,480.00000000000017,289.26648987185996,0,1.5210120725450338
14.875200000047684,348.9824394692516,371.7239760046486,480.00000000000017,291.0049345188036,0,1.7384446469436625
14.891900000095367,348.98238227739336,374.8095946410256,480.00000000000017,292.9313775616893,0,1.926443042885694
14.9085,348.98232776225495,377.882921430207,480.00000000000017,295.0062846979965,0,2.0749071363071607
14.925100000023843,348.9822754855252,380.962179176121,480.00000000000017,297.2205710359132,0,2.2142863379167466
14.941800000071526,348.982225066041,384.06572510307825,480.00000000000017,299.5713156085224,0,2.3507445726091873
14.958400000095368,348.9821767290067,387.17477245398555,480.00000000000017,302.0278814834107,0,2.4565658748882697
14.975300000071526,348.9821303884119,390.28909400637616,480.00000000000017,304.5762372928298,0,2.5483558094190926
14.991800000071526,348.9820859617988,393.4084719226363,480.00000000000017,307.20427934988714,0,2.628042057057371
15.008400000095367,348.9820436144606,396.51397797419304,480.00000000000017,309.8839913467116,0,2.6797119968244374
15.025,348.98200277160464,399.64283967808626,480.00000000000017,312.6413425285877,0,2.7573511818761176
15.041900000095367,348.98196384029507,402.7573856526398,480.00000000000017,315.4329553412448,0,2.7916128126570925
15.058700000047684,348.9819262921057,405.89496611641164,480.00000000000017,318.28843298084405,0,2.8554776395992576
15.075,348.9818905012642,409.01782279139104,480.00000000000017,321.16516325214127,0,2.8767302712972196
15.091800000071526,348.98185598197085,412.1634186997039,480.00000000000017,324.0954739415422,0,2.930310689400926
15.110200000047683,348.9818198640234,415.61457482615884,480.00000000000017,327.3631900742642,0,3.2677161327220006
15.125200000047684,348.981791176994,418.4654278747697,480.00000000000017,330.0446530961965,0,2.681463021932302
15.142,348.981760411949,421.6596271547399,480.00000000000017,333.09447435803617,0,3.049821261839668
15.1585,348.9817317684958,424.7625742557741,480.00000000000017,336.0678543096924,0,2.973379951656227
15.175100000023843,348.9817038057638,427.92546436160853,480.00000000000017,339.1180881036296,0,3.0502337939371955
15.191700000047684,348.9816771517565,431.07244612501995,480.00000000000017,342.16481388206535,0,3.046725778435757
15.2085,348.98165144469135,434.241310025013,480.00000000000017,345.24559327317934,0,3.0807793911139925
15.2255,348.98162679939185,437.4129775545168,480.00000000000017,348.33905612193206,0,3.093462848752722
15.242400000095367,348.9816033175919,440.5669775544295,480.00000000000017,351.42374578416,0,3.0846896622279587
15.2585,348.9815806888108,443.73997755434897,480.00000000000017,354.537980329341,0,3.1142345451809774
15.2755,348.98155901264033,446.9129775542748,480.00000000000017,357.66041560532216,0,3.122435275981161
15.292400000095368,348.98153824897815,450.085977554207,480.00000000000017,360.7899071985044,0,3.1294915931822516
15.308900000095367,348.98151835941013,453.2589775541445,480.00000000000017,363.9254703984306,0,3.135563199926196
15.325200000047683,348.98149941644965,456.4129775540877,480.00000000000017,367.04618418460217,0,3.1207137861715637
15.342100000023843,348.98148126636136,459.56697755403553,480.00000000000017,370.17151727986396,0,3.1253330952617944
15.358900000095367,348.98146347485726,462.7969775539866,480.00000000000017,373.381397623099,0,3.2098803432350564
15.375400000095368,348.9814471175854,465.8939775539433,480.00000000000017,376.45317151647936,0,3.071773893380339
15.392,348.9814310644032,469.0669775539028,480.00000000000017,379.6089326093464,0,3.155761092867067
15.408700000047684,348.9814154226051,472.2969775538649,480.00000000000017,382.82769185718087,0,3.2187592478344413
15.425300000071525,348.98140095716826,475.4129775538312,480.00000000000017,385.92693156946643,0,3.0992397122855664
15.442200000047684,348.9813866045969,478.6429775537993,480.00000000000017,389.1496633326089,0,3.2227317631424626
15.458700000047683,348.9813733314288,481.75897755377105,480.00000000000017,392.25220033138424,0,3.1025369987753493
15.475200000047684,348.98136045872667,484.91297755374484,480.00000000000017,395.3969597479651,0,3.1447594165808823
15.492,348.9813480536486,488.0859775537208,480.00000000000017,398.5632166579377,0,3.16625690997256
15.508900000095368,348.9813362389676,491.23997755369874,480.00000000000017,401.71019421588875,0,3.146977557951061
15.526,348.98132485347605,494.4129775536781,480.00000000000017,404.8783721085714,0,3.1681778926826496
15.541900000095367,348.98131394728307,497.58597755365946,480.00000000000017,408.047222927279,0,3.1688508187075968
15.558900000095367,348.98130338042415,500.79697755364197,480.00000000000017,411.2571590194157,0,3.2099360921367293
15.575400000095367,348.98129337818875,503.9699775536263,480.00000000000017,414.4267373257386,0,3.169578306322876
15.5925,348.98128401707055,507.06697755361193,480.00000000000017,417.5159300830981,0,3.0891927573595126
15.609200000047684,348.9812748299802,510.2399775535987,480.00000000000017,420.68707538969505,0,3.171145306596941
15.625200000047684,348.98126608013246,513.3939775535863,480.00000000000017,423.8382358155082,0,3.1511604258131456
15.641900000095367,348.98125764813875,516.5669775535753,480.00000000000017,427.01003620806995,0,3.1718003925617495
15.659100000023843,348.98124947849703,519.7779775535648,480.00000000000017,430.2225384028789,0,3.2125021948089625
15.675100000023843,348.98124183414546,522.9129775535555,480.00000000000017,433.3538188429705,0,3.1312804400915866
15.691900000095368,348.9812344228423,526.085977553547,480.00000000000017,436.52609607471993,0,3.172277231749433
15.709100000023842,348.9812270795766,529.3729775535387,480.00000000000017,439.82025319549496,0,3.2941571207750258
15.725400000095368,348.98122056251947,532.4129775535317,480.00000000000017,442.85021433662894,0,3.029961141133981
15.741900000095367,348.9812140466945,535.5859775535253,480.00000000000017,446.02299457794624,0,3.172780241317298
15.759,348.98120773360216,538.796977553519,480.00000000000017,449.2363492323426,0,3.213354654396369
15.7755,348.9812017235719,541.9889775535133,480.00000000000017,452.42909482087657,0,3.192745588533967
15.792400000095368,348.9811959679987,545.1809775535082,480.00000000000017,455.62173578525557,0,3.1926409643789952
15.808800000071525,348.9811906134061,548.2779775535034,480.00000000000017,458.7131119047231,0,3.0913761194675544
15.825400000095367,348.9811853885083,551.4319775534992,480.00000000000017,461.86593256846123,0,3.1528206637381118
15.842600000023841,348.9811802380066,554.6809775534953,480.00000000000017,465.12032186193875,0,3.254389293477516
15.858600000023841,348.9811755303957,557.7779775534915,480.00000000000017,468.2118909069932,0,3.0915690450544275
15.875100000023842,348.98117098986364,560.893977553488,480.00000000000017,471.32441401768136,0,3.112523110688187
15.891900000095367,348.98116653551597,564.085977553485,480.00000000000017,474.5184134335405,0,3.193999415859139
15.908600000023842,348.98116231841686,567.2399775534823,480.00000000000017,477.6716085788123,0,3.153195145271809
15.925900000095368,348.9811581148607,570.5269775534795,480.00000000000017,480.9669894615661,0,3.2953808827537614
15.942,348.98115438425674,573.566977553477,480.00000000000017,483.9979247584074,0,3.030935296841335
15.958800000071525,348.98115063296893,576.7589775534747,480.00000000000017,487.1918525049536,0,3.193927746546194
15.9755,348.9811470609894,579.931977553473,480.00000000000017,490.3652414407342,0,3.173388935780622
15.9925,348.9811436590117,583.0859775534711,480.00000000000017,493.51832167893866,0,3.1530802382044385
16.009100000023842,348.9811403242456,586.3159775534695,480.00000000000017,496.75263145990647,0,3.2343097809678056
16.026,348.98113715025465,589.5269775534676,480.00000000000017,499.9660373493845,0,3.2134058894780537
16.042200000047682,348.98113424941585,592.5859775534665,480.00000000000017,503.0172682350122,0,3.0512308856276604
16.058800000071525,348.9811313671397,595.7589775534651,480.00000000000017,506.1908782559742,0,3.1736100209620304
16.075400000095367,348.9811286220402,598.9129775534639,480.00000000000017,509.34414767074776,0,3.153269414773547
16.092200000047683,348.98112593117463,602.1429775534627,480.00000000000017,512.5786240085832,0,3.234476337835474
16.108700000047683,348.98112345722865,605.2399775534619,480.00000000000017,515.6706976146143,0,3.092073606031022
16.125700000047683,348.9811209736241,608.4889775534608,480.00000000000017,518.9255483491738,0,3.254850734559568
16.142,348.9811187035844,611.5859775534603,480.00000000000017,522.0174958317082,0,3.0919474825343514
16.158600000023842,348.98111647574586,614.7589775534592,480.00000000000017,525.1910740915056,0,3.1735782597974094
16.17560000002384,348.9811143294555,617.9509775534585,480.00000000000017,528.3848405587406,0,3.1937664672350365
16.192300000071526,348.98111228575596,621.1239775534577,480.00000000000017,531.5580916114179,0,3.1732510526773012
16.208600000023843,348.98111036180325,624.2399775534574,480.00000000000017,534.6705871806696,0,3.112495569251678
16.2255,348.9811084743694,627.4319775534566,480.00000000000017,537.8645622975573,0,3.1939751168877137
16.24260000002384,348.9811066447367,630.3877982146513,480.00000000000017,541.0599400428231,0,3.1953777452657732
16.259300000071526,348.98110493151177,633.0234362207078,480.00000000000017,544.1079339729821,0,3.0479939301590093
16.2755,348.9811033171002,635.3795721525591,480.00000000000017,547.010385092764,0,2.9024511197818583
16.292300000071524,348.9811017132065,637.5835202359931,480.00000000000017,549.913205369697,0,2.9028202769330846
16.308900000095367,348.9811002024716,639.527333893136,480.00000000000017,552.635164760889,0,2.7219593911919446
16.326100000023843,348.98109872035764,641.2958951709752,480.00000000000017,555.2825677753705,0,2.6474030144814833
16.342600000023843,348.9810973646134,642.787703996769,480.00000000000017,557.6574799435247,0,2.3749121681541965
16.358900000095367,348.9810960247491,644.1283536114527,480.00000000000017,559.9559936125971,0,2.298513669072463
16.376200000047685,348.98109469608886,645.3145454500813,480.00000000000017,562.1704526383137,0,2.2144590257165646
16.392,348.9810935088628,646.250028353865,480.00000000000017,564.0696635067876,0,1.899210868473915
16.408800000071526,348.981092328255,647.0466107162039,480.00000000000017,565.8805990494333,0,1.810935542645666
16.425800000071526,348.98109117694935,647.6849953888714,480.00000000000017,567.555292041958,0,1.6746929925246832
16.442100000023842,348.98109012380775,648.1429900839287,480.00000000000017,568.9917191908011,0,1.4364271488431086
16.459400000095368,348.9810890830016,648.4619346875411,480.00000000000017,570.3132896312754,0,1.3215704404743747
16.47590000009537,348.9810880737434,648.6343740921527,480.00000000000017,571.4873747928683,0,1.1740851615928705
16.492800000071526,348.9810871231059,648.6646750041642,480.00000000000017,572.4834078151968,0,0.9960330223284473
16.509200000047684,348.98108619573003,648.557396808436,480.00000000000017,573.3404331683427,0,0.8570253531459002
16.526,348.98108533735507,648.3306136802911,480.00000000000017,574.021328306392,0,0.6808951380493227
16.541900000095367,348.98108449423876,647.9741763106863,480.00000000000017,574.5729490250505,0,0.5516207186585689
16.558400000095368,348.9810836952218,647.5058138608454,480.00000000000017,574.9776843513602,0,0.4047353263096056
16.575400000095367,348.9810829154756,646.9134902108619,480.00000000000017,575.2493248638732,0,0.271640512513045
16.592,348.98108218091284,646.2249209015829,480.00000000000017,575.3839571100816,0,0.13463224620841174
16.60860000002384,348.9810814681533,645.4231040668644,480.00000000000017,575.389420075622,0,0.0054629655403459765
16.625800000071525,348.98108078483256,644.5207186826144,480.00000000000017,575.389420075622,0,0
16.641800000071527,348.98108012973466,643.5219184795915,480.00000000000017,575.389420075622,0,0
16.658800000071526,348.981079490896,642.4094811989928,480.00000000000017,575.389420075622,0,0
16.67560000002384,348.98107889961113,641.2508279508473,480.00000000000017,575.389420075622,0,0
16.69260000002384,348.98107831906844,639.9779674612107,480.00000000000017,575.389420075622,0,0
16.70960000002384,348.98107776264413,638.622730215405,480.00000000000017,575.389420075622,0,0
16.725200000047685,348.9810772445546,637.2333750449452,480.00000000000017,575.389420075622,0,0
16.742800000071526,348.98107672110035,635.6880015546724,480.00000000000017,575.389420075622,0,0
16.759100000023842,348.98107623944634,634.1354645326959,480.00000000000017,575.389420075622,0,0
16.77590000009537,348.9810757720887,632.4953241941845,480.00000000000017,575.389420075622,0,0
16.792,348.9810753343238,630.8315497421315,480.00000000000017,575.389420075622,0,0
16.809100000023843,348.98107489694803,629.0308271159063,480.00000000000017,575.389420075622,0,0
16.825300000071525,348.98107449212955,627.2351229796615,480.00000000000017,575.389420075622,0,0
16.841900000095368,348.98107409919896,625.3600286451517,480.00000000000017,575.389420075622,0,0
16.8585,348.9810737202281,623.4178655797491,480.00000000000017,575.389420075622,0,0
16.875900000095367,348.9810733485831,621.3732214993576,480.00000000000017,575.389420075622,0,0
16.892800000071524,348.981072996633,619.3000932524793,480.00000000000017,575.389420075622,0,0
16.90910000002384,348.981072674704,617.2793613616334,480.00000000000017,575.389420075622,0,0
16.92690000009537,348.98107234540095,615.0707110588676,480.00000000000017,575.389420075622,0,0
16.94240000009537,348.981072047678,612.9479103447352,480.00000000000017,575.389420075622,0,0
16.959,348.98107175006885,610.9627589659642,480.00000000000017,575.389420075622,0,0
16.97590000009537,348.98107147460314,609.2527985529401,480.00000000000017,575.389420075622,0,0
16.99240000009537,348.98107120403415,607.7069202503792,480.00000000000017,575.389420075622,0,0
17.009,348.98107094464035,606.3585761347026,480.00000000000017,575.389420075622,0,0
17.026,348.98107068883786,605.1705315816604,480.00000000000017,575.389420075622,0,0
17.042600000023842,348.98107045893636,604.2272212124451,480.00000000000017,575.389420075622,0,0
17.0585,348.98107023162794,603.426673693898,480.00000000000017,575.389420075622,0,0
17.07560000002384,348.98107001365287,602.7911196157519,480.00000000000017,575.389420075622,0,0
17.09210000002384,348.9810698022165,602.309887440555,480.00000000000017,575.389420075622,0,0
17.10910000002384,348.98106960071954,601.9849630913972,480.00000000000017,575.389420075622,0,0
17.1255,348.9810694086531,601.8073687130038,480.00000000000017,575.389420075622,0,0
17.1425,348.9810692234103,601.7697693402728,480.00000000000017,575.389420075622,0,0
17.158800000071526,348.98106904581834,601.8674084903023,480.00000000000017,575.389420075622,0,0
17.175800000071526,348.9810688745852,602.0968088645153,480.00000000000017,575.389420075622,0,0
17.192100000023842,348.98106871327445,602.4434849687734,480.00000000000017,575.389420075622,0,0
17.208600000023843,348.98106855854803,602.9065790597933,480.00000000000017,575.389420075622,0,0
17.225600000023842,348.9810684075533,603.4937614139237,480.00000000000017,575.389420075622,0,0
17.242,348.9810682644822,604.1822533447443,480.00000000000017,575.389420075622,0,0
17.259100000023842,348.98106812254207,605.006934695762,480.00000000000017,575.389420075622,0,0
17.2755,348.98106799497384,605.8725545458267,480.00000000000017,575.389420075622,0,0
17.291900000095367,348.9810678681168,606.8670344654045,480.00000000000017,575.389420075622,0,0
17.30860000002384,348.98106774649926,607.9541254708207,480.00000000000017,575.389420075622,0,0
17.325200000047683,348.98106763057365,609.1224606481009,480.00000000000017,575.389420075622,0,0
17.34210000002384,348.98106751876657,610.3829737275623,480.00000000000017,575.389420075622,0,0
17.358900000095367,348.9810674115774,611.7251100629286,480.00000000000017,575.389420075622,0,0
17.378800000071525,348.9810673094049,613.1365538200865,480.00000000000017,575.389420075622,0,0
17.392,348.9810672114277,614.6221659680394,480.00000000000017,575.389420075622,0,0
17.408800000071526,348.9810671163896,616.1984715284266,480.00000000000017,575.389420075622,0,0
17.42540000009537,348.98106702633874,617.8241811793243,480.00000000000017,575.389420075622,0,0
17.442300000071526,348.9810669394871,619.5258194997136,480.00000000000017,575.389420075622,0,0
17.45890000009537,348.9810668562226,621.2908615084583,480.00000000000017,575.389420075622,0,0
17.475400000095366,348.9810667768551,623.1054179111113,480.00000000000017,575.389420075622,0,0
17.492100000023843,348.9810667003073,624.9891937876425,480.00000000000017,575.389420075622,0,0
17.508800000071524,348.98106662607967,626.9527081297971,480.00000000000017,575.389420075622,0,0
17.525300000071525,348.981066556971,628.9098396999221,480.00000000000017,575.389420075622,0,0
17.541800000071525,348.9810664895046,630.9541449622701,480.00000000000017,575.389420075622,0,0
17.558800000071525,348.98106642482486,633.0477009175952,480.00000000000017,575.389420075622,0,0
17.575400000095367,348.9810663628164,635.1884733900121,480.00000000000017,575.389420075622,0,0
17.592300000071525,348.98106630336906,637.3745122201489,480.00000000000017,575.389420075622,0,0
17.608900000095367,348.9810662463771,639.6039477950578,480.00000000000017,575.389420075622,0,0
17.625400000095368,348.9810661923662,641.8473407417795,480.00000000000017,575.389420075622,0,0
17.643,348.9810661375586,644.2703233519272,480.00000000000017,575.389420075622,0,0
17.659,348.98106608885655,646.5493485000098,480.00000000000017,575.546786924667,0,0.15736684904504727
17.6755,348.852042673026,648.7628948833673,480.00000000000017,575.9881136202191,0,0.4413266955521067
17.69240000009537,348.59239996628605,650.92383560025,480.00000000000017,576.6768945960537,0,0.6887809758345611
17.709200000047684,348.2097955725747,652.9955241009623,480.00000000000017,577.5586605897495,0,0.881765993695808
17.725700000047684,347.7056332318275,654.993035092646,480.00000000000017,578.6018836434811,0,1.0432230537315945
17.742,347.10011660774654,656.8747976595736,480.00000000000017,579.7435457183809,0,1.1416620748998412
17.758900000095366,346.3739466858601,658.7111756304623,480.00000000000017,581.0019216931145,0,1.2583759747335534
17.775600000023843,345.55928700449385,660.4411422432801,480.00000000000017,582.3045340613534,0,1.302612368238897
17.792100000023844,344.63512240032844,662.1197601487734,480.00000000000017,583.674250797807,0,1.3697167364535972
17.809300000071527,343.6154425132395,663.7290469675793,480.00000000000017,585.0773995865055,0,1.4031487886985587
17.825800000071524,342.48264377322556,665.2983919895404,480.00000000000017,586.5274546220877,0,1.4500550355821815
17.842,341.32047182195856,666.7339296323119,480.00000000000017,587.9121614526525,0,1.3847068305648236
17.858700000047683,340.03822687697993,668.1526527466468,480.00000000000017,589.3412240325628,0,1.4290625799102372
17.875900000095367,338.64074408605074,669.5439506238339,480.00000000000017,590.7965638841692,0,1.4553398516064817
17.89260000002384,337.23488200269594,670.8166680287281,480.00000000000017,592.1637769896755,0,1.3672131055062664
17.908900000095368,335.7108356505649,672.073929400344,480.00000000000017,593.5544117306043,0,1.3906347409288173
17.925900000095368,334.1247476414767,673.2720881528364,480.00000000000017,594.9105153920402,0,1.3561036614358954
17.942800000071525,332.4292953554278,674.4470853824098,480.00000000000017,596.2708331689068,0,1.3603177768666228
17.95910000002384,330.78280730060357,675.5029546628984,480.00000000000017,597.5089737726571,0,1.238140603750253
17.976300000071525,328.97953790922463,676.5716135393202,480.00000000000017,598.7876906183913,0,1.2787168457341522
17.992300000071527,327.1602446485171,677.5723905531918,480.00000000000017,599.999979146403,0,1.2122885280117544
18.0085,325.27295613649034,678.5378916231851,480.00000000000017,601.1848317397557,0,1.1848525933527299
18.025300000071525,323.3190321185088,679.469091147173,480.00000000000017,602.3409017740472,0,1.1560700342914743
18.042400000095366,321.28749589754153,680.3720650515689,480.00000000000017,603.4740797484808,0,1.133177974433579
18.058700000047683,319.26703331328804,681.212768867688,480.00000000000017,604.5360124139079,0,1.0619326654270935
18.075900000095366,317.148020522214,682.0381990864519,480.00000000000017,605.588751159736,0,1.052738745828151
18.092600000023843,314.9949348606468,682.8248266433874,480.00000000000017,606.5985469207224,0,1.0097957609863215
18.109400000095366,312.78368393399677,683.5832887339958,480.00000000000017,607.5786756028504,0,0.9801286821279973
18.126400000095366,310.4743964781174,684.3267976686487,480.00000000000017,608.5464475575641,0,0.9677719547137258
18.142,308.30224986338607,684.9870561671977,480.00000000000017,609.4051906630951,0,0.8587431055310617
18.158900000095368,305.9813562898468,685.6518928127172,480.00000000000017,610.2769191801738,0,0.8717285170786226
18.17540000009537,303.63696354568384,686.2856134645507,480.00000000000017,611.1107783963308,0,0.8338592161570659
18.192,301.24217492733385,686.8968197984105,480.00000000000017,611.9182216152292,0,0.8074432188983565
18.208600000023843,298.84207777554195,687.4760568096451,480.00000000000017,612.6852028322062,0,0.7669812169770012
18.225700000047684,296.3646092541436,688.0413237067814,480.00000000000017,613.4367964965761,0,0.7515936643699206
18.24260000002384,293.824584384201,688.5892797521853,480.00000000000017,614.1677807294116,0,0.7309842328354534
18.258600000023844,291.3598913377041,689.0934819942238,480.00000000000017,614.8398778679145,0,0.672097138502977
18.276,288.7898725930294,689.5915611435771,480.00000000000017,615.506654277318,0,0.6667764094034965
18.292200000047682,286.22259610890234,690.0635029621717,480.00000000000017,616.1390329760278,0,0.6323786987097719
18.308700000047683,283.6286100851596,690.516066702943,480.00000000000017,616.7464577741422,0,0.6074247981143799
18.32560000002384,280.9930955366592,690.9525521228746,480.00000000000017,617.3334190701174,0,0.586961295975243
18.342200000047683,278.3166892529062,691.3734090343859,480.00000000000017,617.9003276467471,0,0.5669085766296575
18.359200000047682,275.60001805506283,691.7790801696484,480.00000000000017,618.4476103722188,0,0.5472827254717458
18.376100000023843,272.89268862858535,692.1633935247892,480.00000000000017,618.9661486440607,0,0.5185382718418623
18.39260000002384,270.40425881252423,692.5360579451026,480.00000000000017,619.4698543278921,0,0.5037056838314129
18.408900000095368,268.26458751839425,692.8749026074667,480.00000000000017,619.926513020633,0,0.4566586927409162
18.425800000071526,266.2358363456987,693.217851647518,480.00000000000017,620.3909130470685,0,0.46440002643544176
18.442300000071526,264.476013486735,693.5371505389944,480.00000000000017,620.822651848615,0,0.431738801546544
18.458600000023843,262.89169897901405,693.8488611860514,480.00000000000017,621.2449599585434,0,0.4223081099283945
18.475300000071524,261.50650616886907,694.1476974095592,480.00000000000017,621.6500375423683,0,0.405077583824891
18.491900000095367,260.31826650679096,694.4325473612414,480.00000000000017,622.0361815774455,0,0.3861440350772227
18.509200000047684,259.290964887644,694.7120008354765,480.00000000000017,622.4158007999648,0,0.37961922251929536
18.5255,258.46915672535135,694.9706524035727,480.00000000000017,622.7663873568607,0,0.35058655689590523
18.541900000095367,257.8005646828616,695.2231570310729,480.00000000000017,623.10923004947,0,0.342842692609338
18.5585,257.29538710624934,695.463843819638,480.00000000000017,623.4359926204748,0,0.32676257100479233
18.57510000002384,256.9430749883761,695.6946479338222,480.00000000000017,623.7494385140451,0,0.3134458935702469
18.591900000095368,256.7369651075864,695.9172522249435,480.00000000000017,624.0519573449802,0,0.3025188309351279
18.60840000009537,256.67305365186974,696.1306624062236,480.00000000000017,624.3420410462803,0,0.290083701300091
18.625100000023842,256.7442561201652,696.3340844650106,480.00000000000017,624.6184877558446,0,0.2764467095643113
18.641800000071527,256.946614539721,696.5302795083909,480.00000000000017,624.885278671994,0,0.26679091614937533
18.658600000023842,257.2743006295179,696.7183712094228,480.00000000000017,625.1410870971512,0,0.25580842515716995
18.675300000071527,257.7187729129952,696.8976597552421,480.00000000000017,625.3848562473986,0,0.24376915024743084
18.691800000071524,258.2811399177498,697.0705786817061,480.00000000000017,625.6200991455979,0,0.2352428981993171
18.7085,258.95396534445086,697.2363556272338,480.00000000000017,625.8456480564005,0,0.22554891080255857
18.725400000095366,259.73268698605744,697.3952855733679,480.00000000000017,626.0619002775436,0,0.21625222114312237
18.742,260.6070852458164,697.5467772062955,480.00000000000017,626.267964732365,0,0.2060644548214441
18.758600000023844,261.57770315148997,697.6920485456684,480.00000000000017,626.4655925956083,0,0.19762786324326953
18.775400000095367,262.64752329965836,697.8321588016559,480.00000000000017,626.6562971792036,0,0.19070458359533404
18.791900000095367,263.8068427951909,697.9664821562457,480.00000000000017,626.8391337511706,0,0.18283657196695913
18.80860000002384,265.05196509285867,698.0952576228316,480.00000000000017,627.0144260852186,0,0.17529233404798106
18.825400000095367,266.387762591635,698.2194222401841,480.00000000000017,627.1835162713571,0,0.16909018613853277
18.841800000071526,267.78558514440675,698.3370711628394,480.00000000000017,627.3436013634056,0,0.16008509204846177
18.85860000002384,269.25813537886114,698.4498893841469,480.00000000000017,627.4971269744885,0,0.15352561108295504
18.875200000047684,270.8120556074553,698.5586994903641,480.00000000000017,627.6452696284634,0,0.1481426539749009
18.892,272.43548064830765,698.6630154690722,480.00000000000017,627.7872962612605,0,0.1420266327970694
18.908800000071526,274.15703985073236,698.7647423706929,480.00000000000017,627.92596681272,0,0.13867055145954055
18.925100000023843,275.8686209860543,698.8583464696037,480.00000000000017,628.0531872156029,0,0.12722040288281278
18.942,277.694673701206,698.9508138290764,480.00000000000017,628.1791460002261,0,0.12595878462320798
18.958700000047685,279.5454820080325,699.0379230447168,480.00000000000017,628.2976572262079,0,0.11851122598181973
18.975100000023843,281.4750403709923,699.1224466927594,480.00000000000017,628.4127567589466,0,0.11509953273866813
18.992100000023843,283.48294948511364,699.2044083417088,480.00000000000017,628.5244569082291,0,0.11170014928256933
19.008600000023844,285.4938836287672,699.2811637368094,480.00000000000017,628.6288824451473,0,0.10442553691814283
19.025400000095367,287.56605795948707,699.355213615124,480.00000000000017,628.7296793756288,0,0.10079693048157878
19.041800000071525,289.6852708781955,699.4262229824092,480.00000000000017,628.8263425238072,0,0.09666314817832244
19.05860000002384,291.8761711266772,699.4951022861485,480.00000000000017,628.9201857383521,0,0.09384321454490419
19.07560000002384,294.08422383524777,699.5603670616615,480.00000000000017,629.0090271856265,0,0.08884144727437615
19.091900000095368,296.3337359233607,699.6229520451976,480.00000000000017,629.0942248804921,0,0.08519769486565565
19.109300000071524,298.5033291540238,699.5496279844144,480.00000000000017,629.1577764734682,0,0.0635515929760686
19.125200000047684,300.66480493836485,699.3863108059616,480.00000000000017,629.1894914268905,0,0.031714953422351755
19.143,302.84401952515736,699.134265852101,480.00000000000017,629.1894914268905,0,0
19.162200000047683,305.0277571164474,698.7981010036797,480.00000000000017,629.1894914268905,0,0
19.17540000009537,307.2158309009205,698.3812906211718,480.00000000000017,629.1894914268905,0,0
19.191900000095366,309.39492230360236,697.8905631274692,480.00000000000017,629.1894914268905,0,0
19.208700000047685,311.59112667520645,697.322739828887,480.00000000000017,629.1894914268905,0,0
19.225300000071524,313.79115233101766,696.683839065305,480.00000000000017,629.1894914268905,0,0
19.242,315.98163622800024,695.9814155677661,480.00000000000017,629.1894914268905,0,0
19.258600000023844,318.1888283505242,695.2094172308241,480.00000000000017,629.1894914268905,0,0
19.275400000095367,320.399387935865,694.3747743648337,480.00000000000017,629.1894914268905,0,0
19.292100000023844,322.5999127485114,693.4857699777403,480.00000000000017,629.1894914268905,0,0
19.309100000023843,324.83006985854024,692.5277916971512,480.00000000000017,629.1894914268905,0,0
19.32510000002384,327.03662152948436,691.5266596690944,480.00000000000017,629.1894914268905,0,0
19.341900000095368,329.24599636712776,690.4732095689725,480.00000000000017,629.1894914268905,0,0
19.3585,331.471408288156,689.3626556204507,480.00000000000017,629.1894914268905,0,0
19.375100000023842,333.6860903105724,688.2106534695484,480.00000000000017,629.1894914268905,0,0
19.391800000071527,335.9299799574349,686.9975665526101,480.00000000000017,629.1894914268905,0,0
19.4085,338.1495435330448,685.7547130352392,480.00000000000017,629.1894914268905,0,0
19.425200000047685,340.3847822147461,684.461484641846,480.00000000000017,629.1894914268905,0,0
19.441900000095366,342.6222299667444,683.1271398146962,480.00000000000017,629.1894914268905,0,0
19.459,344.84838451357535,681.7618207498809,480.00000000000017,629.1894914268905,0,0
19.475200000047685,347.08998000776955,680.350477666583,480.00000000000017,629.1894914268905,0,0
19.492700000047684,349.40068895792143,678.8585261743256,480.00000000000017,629.1894914268905,0,0
19.508900000095366,351.57886831602843,677.4205857001056,480.00000000000017,629.1894914268905,0,0
19.525400000095367,353.8126097090776,675.9142157755282,480.00000000000017,629.1894914268905,0,0
19.541900000095367,356.0615225101155,674.3668329740457,480.00000000000017,629.1894914268905,0,0
19.55860000002384,358.2986055134321,672.7984466371884,480.00000000000017,629.1894914268905,0,0
19.575400000095367,360.55074120669354,671.1912506926765,480.00000000000017,629.1894914268905,0,0
19.592,362.79089626293404,669.5658506153097,480.00000000000017,629.1894914268905,0,0
19.608700000047683,365.0459948676923,667.9036664686372,480.00000000000017,629.1894914268905,0,0
19.625400000095368,367.3024822786227,666.2156046767558,480.00000000000017,629.1894914268905,0,0
19.642400000095368,369.5603011345826,664.5027340506542,480.00000000000017,629.1894914268905,0,0
19.659300000071525,371.88700883193883,662.713429703782,480.00000000000017,629.1894914268905,0,0
19.675300000071527,374.06612173910844,661.0173061389128,480.00000000000017,629.1894914268905,0,0
19.692100000023842,376.31408004266547,659.2468892630156,480.00000000000017,629.1894914268905,0,0
19.709,378.60379069195693,657.4230348255195,480.00000000000017,629.1894914268905,0,0
19.725200000047685,380.8403834966913,655.6227067623414,480.00000000000017,629.1894914268905,0,0
19.741800000071525,383.10511993968015,653.781285891622,480.00000000000017,629.1894914268905,0,0
19.758800000071524,385.3708471221961,651.9213902973544,480.00000000000017,629.1894914268905,0,0
19.775600000023843,387.67822251786015,650.0097739269489,480.00000000000017,629.1894914268905,0,0
19.791900000095367,389.89150289375175,648.1606515697815,480.00000000000017,629.1894914268905,0,0
19.80860000002384,392.1463927744,646.2613943628864,480.00000000000017,629.1894914268905,0,0
19.825300000071525,394.4157027165673,644.3350824626743,480.00000000000017,629.1894914268905,0,0
19.842,396.69940054945505,642.3821015105801,480.00000000000017,629.1894914268905,0,0
19.858900000095367,398.9702739727104,640.426398293191,480.00000000000017,629.1894914268905,0,0
19.875200000047684,401.21469468025106,638.4806627234879,480.00000000000017,629.1894914268905,0,0
19.89190000009537,403.4870266789666,636.4981503182626,480.00000000000017,629.1894914268905,0,0
19.908600000023842,405.76003570190164,634.5029906201258,480.00000000000017,629.1894914268905,0,0
19.925100000023843,408.0200871645388,632.5077844490489,480.00000000000017,629.1894914268905,0,0
19.941900000095366,410.29437531215876,630.4889323823367,480.00000000000017,629.1894914268905,0,0
19.958600000023843,412.5556460332929,628.4711427039304,480.00000000000017,629.1894914268905,0,0
19.975100000023843,414.8311101225739,626.4305094585859,480.00000000000017,629.1894914268905,0,0
19.992100000023843,417.1071218729586,624.3796294553125,480.00000000000017,629.1894914268905,0,0
20.009,419.42452657800334,622.281768825622,480.00000000000017,629.1894914268905,0,0
20.025800000071527,421.64703543183253,620.2612736477954,480.00000000000017,629.1894914268905,0,0
20.042100000023844,423.9245665827221,618.1821651448624,480.00000000000017,629.1894914268905,0,0
20.05940000009537,426.216191261167,616.0818585242027,480.00000000000017,629.1894914268905,0,0
20.075700000047682,428.4946188967751,613.9857552728638,480.00000000000017,629.1894914268905,0,0
20.091900000095368,430.7461986914242,611.9069633332623,480.00000000000017,629.1894914268905,0,0
20.1085,433.0254772818937,609.7953439248749,480.00000000000017,629.1894914268905,0,0
20.125400000095368,435.29150488085156,607.6891286450349,480.00000000000017,629.1894914268905,0,0
20.141800000071527,437.55791354641036,605.5759703550771,480.00000000000017,629.1894914268905,0,0
20.158700000047684,439.8519781955396,603.4305590396242,480.00000000000017,629.1894914268905,0,0
20.175200000047685,442.1190837769696,601.3043060209372,480.00000000000017,629.1894914268905,0,0
20.191900000095366,444.38652616270497,599.1719327479202,480.00000000000017,629.1894914268905,0,0
20.2085,446.68159352357134,597.0078828400523,480.00000000000017,629.1894914268905,0,0
20.225300000071524,448.9359961311841,594.8769057052871,480.00000000000017,629.1894914268905,0,0
20.242,451.2316680639031,592.7016824536967,480.00000000000017,629.1894914268905,0,0
20.258600000023844,453.51395269634696,590.5341843284807,480.00000000000017,629.1894914268905,0,0
20.275200000047683,455.78284564710555,588.3747055934884,480.00000000000017,629.1894914268905,0,0
20.291800000071525,458.0656611695632,586.1974171064796,480.00000000000017,629.1894914268905,0,0
20.309,460.33506016337435,584.0286062227574,480.00000000000017,629.1894914268905,0,0
20.325300000071525,462.6183637505938,581.8423171320981,480.00000000000017,629.1894914268905,0,0
20.342,464.92692581244773,579.7583517596028,480.00000000000017,629.1894914268905,0,0
20.358700000047683,467.28715671217134,577.748423833901,480.00000000000017,629.1894914268905,0,0
20.375300000071526,469.69813597150767,575.8104620589038,480.00000000000017,629.1894914268905,0,0
20.392300000071526,472.11471876762073,573.9741972691683,480.00000000000017,629.1894914268905,0,0
20.408600000023842,474.56419863303796,572.2133300826916,480.00000000000017,629.1894914268905,0,0
20.42540000009537,477.06034092186087,570.5150215703419,480.00000000000017,629.1894914268905,0,0
20.441900000095366,479.5870719127761,568.8868574156248,480.00000000000017,629.1894914268905,0,0
20.45890000009537,482.1276683758381,567.3348953564146,480.00000000000017,629.1894914268905,0,0
20.4755,484.7273119528682,565.8294874059528,480.00000000000017,629.1894914268905,0,0
20.491800000071525,487.3226586689565,564.4030776339516,480.00000000000017,629.1894914268905,0,0
20.508700000047682,489.9594855682179,563.0273442018716,480.00000000000017,629.1894914268905,0,0
20.525300000071525,492.60502517975306,561.7159984852931,480.00000000000017,629.1894914268905,0,0
20.542100000023844,495.29026176161426,560.4512412053556,480.00000000000017,629.1894914268905,0,0
20.55860000002384,497.98194536328447,559.2456776834674,480.00000000000017,629.1894914268905,0,0
20.575200000047683,500.69523030964046,558.0896149746612,480.00000000000017,629.0368555840735,0,-0.15263584281706244
20.591900000095368,503.4458054245154,556.9746239326034,480.00000000000017,628.7490707503565,0,-0.2877848337169553
20.608700000047683,506.23315249206183,555.8995555227655,480.00000000000017,628.3492146526814,0,-0.3998560976750696
20.6255,509.0231546938353,554.8750250203136,480.00000000000017,627.8643908042359,0,-0.4848238484455578
20.642,511.8147006261829,553.8984450706181,480.00000000000017,627.3140149248447,0,-0.5503758793911402
20.658600000023842,514.6237475248649,552.9619637973279,480.00000000000017,626.7100570980499,0,-0.60395782679484
20.675300000071527,517.4666824383922,552.0587530780303,480.00000000000017,626.0609667046335,0,-0.6490903934163725
20.692,520.3258826576946,551.1928472036718,480.00000000000017,625.381619668087,0,-0.6793470365465737
20.708700000047685,523.2006763852645,550.3627053915467,480.00000000000017,624.6812291908657,0,-0.7003904772212763
20.725300000071524,526.0730453910076,549.5714162623459,480.00000000000017,623.9721126338187,0,-0.7091165570469684
20.742300000071527,528.9770527546704,548.8082394173389,480.00000000000017,623.2514931079372,0,-0.7206195258814887
20.7585,531.8772681263322,548.0807811297409,480.00000000000017,622.5339252582426,0,-0.7175678496946603
20.775300000071525,534.8081325526066,547.3791673954994,480.00000000000017,621.8145777817729,0,-0.719347476469693
20.792300000071524,537.7516305774933,546.706532050247,480.00000000000017,621.101748992428,0,-0.712828789344826
20.808700000047683,540.7072404020067,546.0616782145795,480.00000000000017,620.3984061212763,0,-0.70334287115179
20.825300000071525,543.6566431121626,545.4470051278438,480.00000000000017,619.7112732508291,0,-0.687132870447158
20.841900000095368,546.6349473887026,544.8541696524982,480.00000000000017,619.0334634856674,0,-0.677809765161669
20.85860000002384,549.623925880269,544.2858197540061,480.00000000000017,618.3709288664894,0,-0.6625346191780181
20.875300000071526,552.6051355216134,543.7440700316206,480.00000000000017,617.7288344781388,0,-0.6420943883506425
20.892,555.6141167182554,543.2215671579477,480.00000000000017,617.0998444345931,0,-0.6289900435456275
20.908800000071526,558.6325050969677,542.7206449500775,480.00000000000017,616.4887262827762,0,-0.6111181518169815
20.925200000047685,561.6417481702505,542.2431671361985,480.00000000000017,615.8995469279006,0,-0.5891793548755686
20.941900000095366,564.6959803944686,541.7800121944158,480.00000000000017,615.321476290896,0,-0.5780706370045436
20.958700000047685,567.7220606458692,541.341161891608,480.00000000000017,614.7691063935492,0,-0.5523698973468072
20.975300000071524,570.7743183255961,540.9179027096382,480.00000000000017,614.2316701598486,0,-0.537436233700646
20.992,573.7974954309061,540.5167822205989,480.00000000000017,613.7190156508698,0,-0.5126545089788124
21.008700000047682,576.9014084096526,540.1231054157046,480.00000000000017,613.2116412972772,0,-0.5073743535925814
21.025300000071525,579.9387275850796,539.7544352011719,480.00000000000017,612.7345468808046,0,-0.4770944164725961
21.042,583.0380495258917,539.3946566231572,480.00000000000017,612.2658792730114,0,-0.46866760779323613
21.058700000047683,586.1068533542117,539.0537578792123,480.00000000000017,611.8201157009489,0,-0.44576357206244666
21.075300000071525,589.2003167619556,538.7249703118496,480.00000000000017,611.388187551414,0,-0.43192814953488323
21.09210000002384,592.2996980267237,538.4097624872381,480.3209233132216,610.972547746244,0.3209233132214422,-0.41563980517003074
21.109300000071524,595.4977995156726,538.0989187561025,481.0633573641925,610.5604304908366,0.7424340509708713,-0.4121172554074519
21.125300000071526,598.4778811042927,537.8212141463931,482.05773584004584,610.1930680183302,0.9943784758533525,-0.36736247250632914
21.14190000009537,601.5935571114537,537.5433316574733,483.38846157931516,609.8232967865389,1.330725739269326,-0.36977123179133287
21.158600000023842,604.6955345123813,537.2784547539542,484.95760564402696,609.4701352039881,1.569144064711793,-0.353161582550797
21.175300000071527,607.8397193184223,537.0215233463307,486.76527863126813,609.1265355724988,1.807672987241176,-0.3435996314892691
21.191900000095366,610.9510317766076,536.7780747379611,488.73391282008504,608.8006268778669,1.9686341888169068,-0.3259086946319485
21.208700000047685,614.0667154881438,536.5446222051523,490.86172931551266,608.4875488281269,2.1278164954276235,-0.3130780497399428
21.225700000047684,617.2806013225597,536.3143033722147,493.203754120012,608.1775522119266,2.3420248044993173,-0.3099966162003511
21.242,620.3480542166636,536.1036146389383,495.5430423588077,607.8945696611582,2.3392882387957457,-0.2829825507683381
21.258600000023844,623.4946651432533,535.8966711429406,498.04819485915317,607.6157625288757,2.505152500345446,-0.278807132282509
21.2755,626.6261296331325,535.6994131126258,500.626356002869,607.349820288101,2.5781611437158176,-0.2659422407747343
21.291900000095367,629.7800275448158,535.5091631070683,503.2992546444157,607.0929562154369,2.6728986415467375,-0.25686407266414335
21.308700000047683,632.9373472184806,535.3267708990383,506.0397543365417,606.8464847061713,2.7404996921259794,-0.24647150926557515
21.325400000095367,636.0979473268618,535.1519119419912,508.8388791246161,606.6100067426927,2.79912478807438,-0.23647796347859185
21.341900000095368,639.2427462703458,534.9852368151227,511.67043484362694,606.3845285748714,2.8315557190108507,-0.22547816782127938
21.358700000047683,642.409504899883,534.8244831881985,514.5645761605493,606.166823933458,2.8941413169224006,-0.21770464141343382
21.375300000071526,645.559781464116,534.6712723242151,517.4781950948674,605.9592780951136,2.9136189343180376,-0.2075458383443447
21.39190000009537,648.748325340594,534.5227733418179,520.4629102473756,605.7577016376929,2.9847151525082154,-0.20157645742074237
21.408600000023842,651.8802074341779,534.3829893946394,523.4184971055817,605.5679913580088,2.955586858206061,-0.18971027968404996
21.425300000071527,655.0503117217478,534.247461515843,526.4372211019244,605.3837111580734,3.0187239963427146,-0.1842801999354151
21.442100000023842,658.2206545853128,534.1176342173135,529.4771035410932,605.2070298712695,3.0398824391688777,-0.17668128680395512
21.458800000071527,661.4481763242231,533.9911295736821,532.594145748938,605.0345297578011,3.1170422078447473,-0.17250011346834526
21.475300000071524,664.5429914942251,533.8748193698142,535.5889998064168,604.8762907596657,2.9948540574788467,-0.15823899813540265
21.49240000009537,667.7709037493611,533.758705317512,538.7359526895552,604.7177386020878,3.146952883138397,-0.1585521575779012
21.509,670.9610115243395,533.6488127152974,541.8546674836451,604.5677423747796,3.1187147940898967,-0.1499962273081792
21.525300000071525,674.056323494621,533.5465737470391,544.8840167423184,604.4284069835865,3.029349258673278,-0.1393353911931854
21.542600000023842,677.3226931506974,533.4433590685126,548.1020263629484,604.2871377924008,3.2180096206300277,-0.14126919118564274
21.55860000002384,680.3802885837757,533.3506705167883,551.1071678952873,604.1608165975193,3.0051415323388255,-0.1263211948814842
21.576,683.6279224660624,533.2564624140483,554.3195789426569,604.0318174842531,3.212411047369642,-0.12899911326621805
21.592200000047683,686.742718420704,533.1698473983171,557.3965683275995,603.9135346359856,3.0769893849426353,-0.11828284826754043
21.6095,689.9525810621735,533.0843908427078,560.5791679011129,603.7965444252635,3.1825995735133574,-0.11699021072206506
21.625900000095367,693.1435441309973,533.0030354900813,563.7454971554325,603.685195876142,3.166329254319635,-0.11134854912154424
21.642200000047684,696.2396191075362,532.9273470520368,566.8147525130706,603.5817896810205,3.0692553576380988,-0.10340619512146532